{"stats":{"minecraft:mined":{"minecraft:dead_bush":7,"minecraft:sand":7,"minecraft:sugar_cane":6,"minecraft:crafting_table":1},"minecraft:crafted":{"minecraft:dark_oak_planks":12},"minecraft:dropped":{"man:cassette_1safetyinstructions":1},"minecraft:used":{"minecraft:sand":7,"minecraft:carrot":4,"minecraft:experience_bottle":1},"minecraft:picked_up":{"minecraft:stick":8,"minecraft:crafting_table":1,"minecraft:sand":7,"minecraft:sugar_cane":18},"minecraft:custom":{"minecraft:time_since_rest":6847,"minecraft:open_chest":1,"minecraft:crouch_one_cm":884,"minecraft:sprint_one_cm":40330,"minecraft:play_time":6847,"minecraft:damage_taken":140,"minecraft:walk_one_cm":4331,"minecraft:sneak_time":254,"minecraft:walk_under_water_one_cm":857,"minecraft:drop":1,"minecraft:jump":206,"minecraft:leave_game":3,"minecraft:walk_on_water_one_cm":2772,"minecraft:time_since_death":6847,"minecraft:total_world_time":6847,"minecraft:swim_one_cm":5277,"minecraft:fall_one_cm":6673,"minecraft:fly_one_cm":52976}},"DataVersion":3120}