{"stats":{"minecraft:mined":{"minecraft:cut_sandstone":13,"minecraft:cactus":1,"minecraft:hay_block":68,"minecraft:stone_pressure_plate":1,"minecraft:furnace":2,"minecraft:chiseled_sandstone":1,"minecraft:smoker":1,"minecraft:wheat":2,"minecraft:orange_terracotta":1,"minecraft:brewing_stand":1,"minecraft:tnt":9,"minecraft:smooth_sandstone":5,"minecraft:crafting_table":2,"minecraft:dead_bush":7,"minecraft:sand":16,"minecraft:sandstone_wall":1,"minecraft:cobblestone":12,"minecraft:cyan_bed":4,"minecraft:grindstone":1,"minecraft:sugar_cane":6,"minecraft:sandstone":12,"minecraft:sandstone_stairs":1},"minecraft:crafted":{"minecraft:wooden_hoe":1,"minecraft:wooden_pickaxe":1,"minecraft:wooden_axe":1,"minecraft:dark_oak_planks":12},"minecraft:killed":{"minecraft:husk":1},"minecraft:dropped":{"minecraft:wheat_seeds":6,"man:cassette_1safetyinstructions":1,"minecraft:sand":3},"minecraft:picked_up":{"minecraft:wheat":2,"minecraft:stick":8,"minecraft:crafting_table":2,"minecraft:sandstone":10,"minecraft:cut_sandstone":13,"minecraft:smoker":1,"minecraft:sandstone_wall":1,"minecraft:sand":15,"minecraft:brewing_stand":1,"minecraft:cyan_bed":4,"minecraft:chiseled_sandstone":1,"minecraft:stone_pressure_plate":1,"minecraft:tnt":9,"minecraft:orange_terracotta":1,"minecraft:smooth_sandstone":5,"minecraft:wheat_seeds":8,"minecraft:sandstone_stairs":1,"minecraft:hay_block":67,"minecraft:grindstone":1,"minecraft:sugar_cane":18,"minecraft:cobblestone":12,"minecraft:furnace":2},"minecraft:used":{"minecraft:wheat_seeds":2,"minecraft:wooden_axe":1,"minecraft:wooden_hoe":60,"minecraft:chiseled_sandstone":1,"minecraft:cyan_bed":3,"minecraft:bread":7,"minecraft:iron_pickaxe":53,"minecraft:smooth_sandstone":5,"minecraft:wooden_pickaxe":31,"minecraft:sandstone":10,"minecraft:cut_sandstone":10,"minecraft:sand":12,"minecraft:crafting_table":1,"minecraft:carrot":4,"minecraft:experience_bottle":1},"minecraft:killed_by":{"cartoon_dweller:cartoon_dweller":1},"minecraft:custom":{"minecraft:time_since_rest":5200,"minecraft:sprint_one_cm":124019,"minecraft:damage_taken":500,"minecraft:walk_one_cm":56722,"minecraft:mob_kills":1,"minecraft:drop":10,"minecraft:damage_dealt":224,"minecraft:swim_one_cm":25845,"minecraft:interact_with_crafting_table":3,"minecraft:fly_one_cm":169987,"minecraft:open_barrel":6,"minecraft:open_chest":13,"minecraft:crouch_one_cm":3032,"minecraft:play_time":27338,"tombstone:undead_killed":1,"minecraft:deaths":1,"minecraft:bell_ring":4,"minecraft:sneak_time":1084,"minecraft:walk_under_water_one_cm":3670,"minecraft:jump":711,"minecraft:leave_game":4,"minecraft:time_since_death":9811,"minecraft:walk_on_water_one_cm":6129,"minecraft:sleep_in_bed":2,"minecraft:climb_one_cm":28,"minecraft:total_world_time":27338,"minecraft:fall_one_cm":21714}},"DataVersion":3120}