{"stats":{"minecraft:mined":{"minecraft:birch_planks":1,"minecraft:cactus":5,"minecraft:birch_log":5,"minecraft:fire":1,"minecraft:crafting_table":1,"minecraft:grass_block":2,"minecraft:grass":9,"minecraft:acacia_log":5,"minecraft:oak_log":44,"minecraft:dead_bush":23,"minecraft:dirt":3,"minecraft:sand":15,"minecraft:oak_planks":3,"minecraft:sugar_cane":3},"minecraft:killed_by":{"apollyon:the_damned":1,"cartoon_dweller:cartoon_dweller":1},"minecraft:used":{"minecraft:wooden_axe":62,"minecraft:birch_planks":20,"minecraft:oak_planks":91,"minecraft:cactus":7,"minecraft:wooden_pickaxe":1,"minecraft:white_wool":1,"minecraft:dirt":1,"minecraft:sand":7,"minecraft:crafting_table":2,"minecraft:oak_sapling":5,"minecraft:acacia_sapling":2,"minecraft:acacia_planks":8},"minecraft:picked_up":{"minecraft:birch_log":5,"minecraft:stick":25,"minecraft:crafting_table":1,"minecraft:acacia_log":5,"minecraft:birch_planks":1,"minecraft:sand":7,"minecraft:oak_log":22,"minecraft:dirt":2,"butchercraft:leather_scrap":5,"minecraft:cactus":11,"butchercraft:beef_scraps":5,"minecraft:oak_sapling":5,"minecraft:sugar_cane":6,"minecraft:oak_planks":3,"minecraft:birch_sapling":1,"minecraft:acacia_sapling":2,"minecraft:white_wool":1},"minecraft:killed":{"screaming_villager:screaming_sheep":1,"minecraft:rabbit":1,"minecraft:cow":4},"minecraft:crafted":{"minecraft:oak_planks":88,"minecraft:crafting_table":1,"minecraft:stick":4,"minecraft:wooden_pickaxe":1,"minecraft:wooden_axe":1,"minecraft:acacia_planks":20,"minecraft:birch_planks":20},"minecraft:dropped":{"minecraft:birch_sapling":1,"man:cassette_1safetyinstructions":1,"minecraft:stick":1},"minecraft:broken":{"minecraft:wooden_axe":1},"minecraft:custom":{"minecraft:time_since_rest":1,"minecraft:sprint_one_cm":54653,"minecraft:damage_taken":455,"minecraft:walk_one_cm":54808,"minecraft:mob_kills":6,"minecraft:drop":3,"minecraft:damage_dealt":670,"minecraft:swim_one_cm":7557,"minecraft:interact_with_crafting_table":4,"minecraft:fly_one_cm":93575,"minecraft:crouch_one_cm":14436,"minecraft:play_time":21344,"minecraft:deaths":2,"minecraft:sneak_time":4372,"minecraft:walk_under_water_one_cm":3041,"minecraft:jump":552,"minecraft:leave_game":1,"minecraft:walk_on_water_one_cm":5146,"minecraft:time_since_death":179,"minecraft:total_world_time":21344,"minecraft:fall_one_cm":16002}},"DataVersion":3120}