{"stats":{"minecraft:custom":{"minecraft:jump":33,"minecraft:time_since_rest":412,"minecraft:leave_game":1,"minecraft:deaths":1,"minecraft:crouch_one_cm":108,"minecraft:sprint_one_cm":2355,"minecraft:play_time":3843,"minecraft:damage_taken":100,"minecraft:time_since_death":388,"minecraft:walk_one_cm":1728,"minecraft:sneak_time":172,"minecraft:climb_one_cm":1870,"minecraft:total_world_time":3843,"minecraft:fall_one_cm":1772,"minecraft:fly_one_cm":146512},"minecraft:mined":{"minecraft:jungle_leaves":1,"minecraft:oak_leaves":4}},"DataVersion":3120}