{"stats":{"minecraft:mined":{"minecraft:cut_sandstone":13,"minecraft:cactus":1,"minecraft:hay_block":68,"minecraft:stone_pressure_plate":1,"minecraft:furnace":2,"minecraft:chiseled_sandstone":1,"minecraft:smoker":1,"minecraft:wheat":2,"minecraft:orange_terracotta":1,"minecraft:brewing_stand":1,"minecraft:tnt":9,"minecraft:smooth_sandstone":5,"minecraft:crafting_table":2,"minecraft:dead_bush":7,"minecraft:sand":15,"minecraft:sandstone_wall":1,"minecraft:cobblestone":12,"minecraft:cyan_bed":1,"minecraft:grindstone":1,"minecraft:sugar_cane":6,"minecraft:sandstone":10},"minecraft:crafted":{"minecraft:wooden_hoe":1,"minecraft:wooden_pickaxe":1,"minecraft:wooden_axe":1,"minecraft:dark_oak_planks":12},"minecraft:dropped":{"minecraft:wheat_seeds":6,"man:cassette_1safetyinstructions":1,"minecraft:sand":3},"minecraft:picked_up":{"minecraft:wheat":2,"minecraft:stick":8,"minecraft:crafting_table":2,"minecraft:sandstone":10,"minecraft:cut_sandstone":13,"minecraft:smoker":1,"minecraft:sandstone_wall":1,"minecraft:sand":15,"minecraft:brewing_stand":1,"minecraft:cyan_bed":1,"minecraft:chiseled_sandstone":1,"minecraft:stone_pressure_plate":1,"minecraft:tnt":9,"minecraft:orange_terracotta":1,"minecraft:smooth_sandstone":5,"minecraft:wheat_seeds":8,"minecraft:hay_block":67,"minecraft:grindstone":1,"minecraft:sugar_cane":18,"minecraft:cobblestone":12,"minecraft:furnace":2},"minecraft:used":{"minecraft:wheat_seeds":2,"minecraft:wooden_axe":1,"minecraft:wooden_hoe":60,"minecraft:chiseled_sandstone":1,"minecraft:bread":4,"minecraft:iron_pickaxe":49,"minecraft:smooth_sandstone":5,"minecraft:wooden_pickaxe":18,"minecraft:sandstone":10,"minecraft:cut_sandstone":8,"minecraft:sand":12,"minecraft:crafting_table":1,"minecraft:carrot":4,"minecraft:experience_bottle":1},"minecraft:killed_by":{"cartoon_dweller:cartoon_dweller":1},"minecraft:custom":{"minecraft:time_since_rest":1072,"minecraft:sprint_one_cm":81141,"minecraft:damage_taken":465,"minecraft:walk_one_cm":34798,"minecraft:drop":10,"minecraft:damage_dealt":26,"minecraft:swim_one_cm":15337,"minecraft:interact_with_crafting_table":3,"minecraft:fly_one_cm":96710,"minecraft:open_chest":11,"minecraft:crouch_one_cm":2549,"minecraft:play_time":18847,"minecraft:deaths":1,"minecraft:bell_ring":3,"minecraft:sneak_time":939,"minecraft:walk_under_water_one_cm":2225,"minecraft:jump":421,"minecraft:leave_game":3,"minecraft:time_since_death":1320,"minecraft:walk_on_water_one_cm":4095,"minecraft:sleep_in_bed":1,"minecraft:total_world_time":18847,"minecraft:fall_one_cm":11299}},"DataVersion":3120}