{"stats":{"minecraft:broken":{"minecraft:golden_helmet":1,"minecraft:shears":4,"minecraft:iron_boots":3,"minecraft:iron_chestplate":2,"butchercraft:paper_hat":1,"minecraft:stone_axe":1,"minecraft:iron_sword":1,"minecraft:bow":1,"minecraft:stone_shovel":1,"minecraft:golden_chestplate":1,"minecraft:stone_sword":1,"minecraft:shield":1,"minecraft:iron_axe":3,"minecraft:iron_pickaxe":5,"minecraft:iron_helmet":3,"minecraft:golden_pickaxe":1},"minecraft:killed":{"minecraft:cave_spider":10,"minecraft:witch":3,"minecraft:spider":11,"minecraft:skeleton":31,"minecraft:chicken":29,"screaming_villager:screaming_sheep":11,"minecraft:axolotl":1,"minecraft:silverfish":2,"minecraft:piglin":2,"minecraft:pig":34,"minecraft:zombie_villager":2,"minecraft:creeper":6,"minecraft:sheep":29,"minecraft:pillager":24,"minecraft:trader_llama":6,"minecraft:zombie":54,"thestarvedstalker:famine":1,"minecraft:glow_squid":2,"apollyon:the_damned":3,"minecraft:cow":36,"minecraft:evoker":3,"minecraft:vex":2,"minecraft:vindicator":9,"thestarvedstalker:gore_spider":3,"minecraft:llama":24,"minecraft:drowned":8,"screaming_villager:screaming_villager":1,"minecraft:wandering_trader":2,"minecraft:ravager":2,"minecraft:hoglin":1,"minecraft:squid":4,"thestarvedstalker:hungrejaw":1,"minecraft:enderman":6},"minecraft:killed_by":{"the_silence:the_silence_principal":5,"minecraft:creeper":1,"minecraft:pillager":1,"minecraft:ravager":6,"siren_head:siren_head":4,"minecraft:vindicator":8,"man:managgresive":3,"minecraft:cave_spider":1,"the_one_who_watches:toww_running":1,"minecraft:zombie":2,"torture:torture":2,"irritator:irritator":1,"kim_dweller:kim_dweller":3,"demonic_watcher:demonic_watcher":3,"minecraft:vex":8,"thestarvedstalker:the_starved_stalker_aggro":6,"minecraft:player":7,"jacky:jacky":7,"cartoon_dweller:cartoon_dweller":11,"apollyon:the_damned":2,"screaming_villager:screaming_sheep":1,"minecraft:skeleton":5,"mokey:mokey":1,"screaming_villager:screaming_villager":1,"cave_dweller:cave_dweller":1},"minecraft:picked_up":{"tombstone:tablet_of_home":1,"minecraft:smithing_table":1,"butchercraft:blood_fluid_bottle":4,"minecraft:lead":8,"minecraft:diamond_sword":5,"minecraft:stone_brick_stairs":2,"minecraft:wither_rose":5,"minecraft:enchanted_book":1,"butchercraft:pork_scraps":5,"minecraft:brewing_stand":1,"butchercraft:cow_carcass":5,"minecraft:string":109,"minecraft:raw_copper":143,"minecraft:iron_leggings":2,"minecraft:activator_rail":5,"minecraft:cobbled_deepslate":452,"minecraft:bucket":5,"minecraft:redstone_torch":4,"minecraft:azalea":5,"minecraft:iron_pickaxe":3,"butchercraft:fat":24,"minecraft:melon_slice":119,"cgm:advanced_bullet":150,"minecraft:iron_boots":1,"minecraft:furnace":4,"tombstone:scroll_of_lightning_resistance":1,"minecraft:stick":68,"minecraft:big_dripleaf":6,"minecraft:oak_fence":4,"minecraft:torch":145,"minecraft:acacia_log":1,"minecraft:porkchop":91,"tombstone:grave_dust":14,"minecraft:vine":110,"thestarvedstalker:bloodstone":11,"butchercraft:meat_hook_item":4,"minecraft:rotten_flesh":53,"minecraft:tropical_fish":11,"tombstone:scroll_of_aquatic_life":1,"butchercraft:blood_fluid_bucket":1,"thestarvedstalker:starved_stalker_plush":1,"minecraft:deepslate_brick_stairs":11,"minecraft:obsidian":6,"minecraft:cobblestone":977,"minecraft:birch_log":19,"butchercraft:tripe":12,"minecraft:mossy_cobblestone_slab":2,"minecraft:leather_chestplate":1,"minecraft:feather":76,"minecraft:andesite":61,"minecraft:jungle_log":231,"minecraft:brown_wool":2,"minecraft:smoker":1,"minecraft:potato":16,"butchercraft:cow_hide":2,"minecraft:flint":6,"thestarvedstalker:cobbled_putrestone":1,"minecraft:tuff":14,"anthropology_items__structures:hunters_machete":1,"butchercraft:chicken_head_item":5,"minecraft:lapis_lazuli":186,"minecraft:dirt":766,"minecraft:lantern":7,"minecraft:name_tag":3,"minecraft:bone":56,"minecraft:stonecutter":4,"minecraft:bow":1,"minecraft:wheat_seeds":72,"minecraft:cobbled_deepslate_slab":4,"minecraft:raw_gold":29,"minecraft:mossy_stone_bricks":1,"minecraft:bamboo":1404,"minecraft:glowstone_dust":2,"minecraft:powered_rail":8,"minecraft:moss_block":8,"thestarvedstalker:hungering_soil":3,"minecraft:oak_planks":56,"minecraft:mossy_stone_brick_stairs":1,"minecraft:cooked_porkchop":19,"cgm:rifle":1,"butchercraft:beef_stewmeat":24,"minecraft:sand":334,"butchercraft:heart":5,"minecraft:jungle_planks":32,"sophisticatedbackpacks:iron_backpack":1,"minecraft:ink_sac":5,"minecraft:grass_block":2,"minecraft:mossy_cobblestone":224,"minecraft:jungle_leaves":111,"minecraft:bundle":1,"cgm:shell":48,"minecraft:light_gray_concrete":6,"minecraft:clay":1,"minecraft:diamond":25,"minecraft:soul_lantern":3,"thestarvedstalker:cadasite":4,"minecraft:granite":6,"minecraft:grass":9,"minecraft:emerald":5,"butchercraft:gut_knife":1,"minecraft:oak_sapling":104,"minecraft:netherrack":66,"anthropology_items__structures:limestone_brick":1,"minecraft:oak_leaves":518,"minecraft:crimson_roots":1,"minecraft:charcoal":4,"minecraft:cocoa_beans":9,"minecraft:crafting_table":5,"minecraft:azure_bluet":5,"butchercraft:cubed_beef":9,"minecraft:ladder":3,"minecraft:chicken":27,"minecraft:clay_ball":157,"minecraft:chest_minecart":5,"minecraft:chain":3,"minecraft:oak_trapdoor":14,"minecraft:red_bed":3,"minecraft:moss_carpet":4,"minecraft:iron_axe":2,"cgm:shotgun":2,"minecraft:item_frame":20,"butchercraft:beef_roast":21,"thestarvedstalker:putrestone":1,"minecraft:beef":130,"butchercraft:kidney":8,"minecraft:jungle_sapling":9,"minecraft:iron_nugget":180,"minecraft:poppy":1,"anthropology_items__structures:cracked_limestone_brick":2,"minecraft:light_gray_wool":1,"minecraft:lectern":1,"minecraft:sugar_cane":25,"minecraft:chest":5,"minecraft:birch_sapling":5,"thestarvedstalker:starved_glaive":1,"minecraft:egg":5,"minecraft:raw_iron":259,"minecraft:oak_door":1,"minecraft:copper_ingot":2,"thestarvedstalker:famine_theme_disc":1,"sophisticatedbackpacks:backpack":2,"the_silence:sad_satan":2,"butchercraft:sinew":34,"minecraft:redstone":24,"butchercraft:lung":10,"minecraft:arrow":31,"minecraft:beetroot_seeds":5,"thestarvedstalker:famine_spawn_egg":1,"minecraft:shears":3,"minecraft:hay_block":46,"butchercraft:chicken_carcass":7,"minecraft:saddle":4,"minecraft:gold_ingot":1,"minecraft:totem_of_undying":2,"butchercraft:beef_scraps":32,"minecraft:glow_berries":44,"minecraft:mutton":38,"minecraft:white_wool":29,"minecraft:rail":27,"minecraft:oxeye_daisy":6,"minecraft:glow_ink_sac":4,"minecraft:leather":77,"minecraft:fern":3,"thestarvedstalker:starved_tooth":1,"thestarvedstalker:cadased_bone":3,"minecraft:acacia_wood":4,"minecraft:oak_log":259,"butchercraft:butcher_block_block_item":5,"minecraft:gunpowder":6,"minecraft:blue_bed":4,"minecraft:paper":1,"minecraft:white_banner":8,"man:cassette_1safetyinstructions":1,"minecraft:apple":20,"minecraft:stone_bricks":9,"minecraft:iron_ingot":36,"minecraft:stone_pickaxe":2,"tombstone:bag_of_seeds":2,"butchercraft:liver":4,"minecraft:acacia_sapling":4,"minecraft:iron_sword":1,"minecraft:flowering_azalea":2,"sophisticatedbackpacks:diamond_backpack":1,"minecraft:book":19,"butchercraft:pig_carcass":2,"minecraft:stone_brick_slab":1,"minecraft:quartz":11,"minecraft:gravel":160,"butchercraft:oxtail":1,"minecraft:white_bed":6,"minecraft:crying_obsidian":4,"minecraft:mossy_stone_brick_slab":2,"minecraft:spider_eye":12,"butchercraft:sheep_carcass":1,"butchercraft:cow_head_item":2,"butchercraft:beef_ribs":6,"minecraft:stripped_jungle_log":17,"butchercraft:leather_scrap":15,"minecraft:pumpkin_seeds":4,"butchercraft:stomach":8,"minecraft:mossy_cobblestone_stairs":1,"minecraft:gray_wool":5,"minecraft:damaged_anvil":1,"minecraft:baked_potato":26,"minecraft:melon_seeds":11,"minecraft:black_wool":3,"cgm:workbench":2,"minecraft:coal":141,"minecraft:ender_pearl":1},"minecraft:dropped":{"butchercraft:chicken_mask":1,"butchercraft:beef_scraps":32,"butchercraft:leather_scrap":15,"minecraft:moss_block":2,"minecraft:cooked_beef":3,"butchercraft:lung":2,"minecraft:ender_pearl":1,"minecraft:glass_bottle":2,"thestarvedstalker:hungering_soil":1,"minecraft:cooked_porkchop":18,"butchercraft:blood_fluid_bottle":2,"butchercraft:cow_head_item":2,"minecraft:dirt":384,"minecraft:grass":5,"butchercraft:blood_fluid_bucket":1,"minecraft:sand":35,"butchercraft:beef_roast":21,"minecraft:iron_pickaxe":2,"minecraft:gravel":1,"minecraft:golden_chestplate":1,"cgm:shotgun":1,"minecraft:cobbled_deepslate":1,"minecraft:rotten_flesh":17,"minecraft:oak_planks":1,"thestarvedstalker:cadasite":1,"butchercraft:liver":1,"minecraft:gunpowder":1,"minecraft:azalea":2,"minecraft:beef":64,"minecraft:crying_obsidian":2,"minecraft:oak_leaves":1,"minecraft:water_bucket":1,"butchercraft:cow_hide":1,"butchercraft:fat":7,"minecraft:vine":1,"butchercraft:sinew":5,"minecraft:wheat_seeds":6,"anthropology_items__structures:hunters_machete":1,"butchercraft:beef_ribs":6,"butchercraft:beef_stewmeat":24,"minecraft:cobblestone":89,"man:cassette_1safetyinstructions":2,"butchercraft:gut_knife":1,"minecraft:stick":1,"butchercraft:tripe":8,"anthropology_items__structures:limestone_brick":1,"minecraft:torch":8,"minecraft:wither_rose":2,"butchercraft:oxtail":1,"minecraft:flowering_azalea":1,"minecraft:iron_axe":1,"minecraft:bucket":3,"cgm:rifle":1,"cgm:advanced_bullet":140,"butchercraft:chicken_carcass":1,"minecraft:shears":1,"minecraft:diamond_sword":4,"butchercraft:kidney":2,"butchercraft:stomach":4,"minecraft:shield":1,"butchercraft:cubed_beef":9,"minecraft:oak_sapling":3,"butchercraft:heart":1,"butchercraft:cow_carcass":1},"minecraft:custom":{"minecraft:interact_with_crafting_table":165,"minecraft:open_barrel":1,"minecraft:bell_ring":8,"minecraft:leave_game":68,"minecraft:time_since_death":15022,"minecraft:sprint_one_cm":2477025,"minecraft:damage_blocked_by_shield":5395,"minecraft:drop":118,"minecraft:play_time":1019733,"minecraft:deaths":114,"minecraft:jump":15755,"minecraft:walk_on_water_one_cm":168957,"minecraft:interact_with_furnace":400,"minecraft:sleep_in_bed":43,"tombstone:sneak_grave":2,"minecraft:damage_dealt":73896,"minecraft:player_kills":2,"minecraft:crouch_one_cm":452973,"tombstone:undead_killed":95,"tombstone:villager_killed":2,"minecraft:interact_with_smoker":7,"minecraft:interact_with_anvil":1,"minecraft:mob_kills":377,"minecraft:damage_dealt_resisted":552,"minecraft:climb_one_cm":257923,"minecraft:walk_one_cm":2327874,"minecraft:damage_dealt_absorbed":121,"minecraft:raid_win":1,"minecraft:sneak_time":131282,"minecraft:walk_under_water_one_cm":98268,"minecraft:total_world_time":1019733,"tombstone:raider_killed":41,"minecraft:raid_trigger":1,"minecraft:interact_with_stonecutter":10,"minecraft:time_since_rest":13827,"minecraft:damage_taken":46328,"minecraft:swim_one_cm":218204,"minecraft:fly_one_cm":2179425,"minecraft:open_chest":1072,"minecraft:fall_one_cm":423919},"minecraft:mined":{"minecraft:white_bed":4,"minecraft:farmland":12,"minecraft:mossy_stone_brick_slab":2,"minecraft:sculk_vein":3,"the_silence:sad_satan":2,"minecraft:jungle_leaves":165,"minecraft:brewing_stand":1,"minecraft:obsidian":6,"minecraft:cave_vines_plant":9,"minecraft:granite":6,"minecraft:acacia_log":10,"minecraft:grass_block":196,"minecraft:jungle_log":183,"minecraft:oxeye_daisy":6,"minecraft:spawner":3,"thestarvedstalker:putrestone":1,"minecraft:mossy_cobblestone_slab":2,"minecraft:mossy_cobblestone_stairs":1,"minecraft:iron_ore":166,"minecraft:fire":13,"minecraft:cobbled_deepslate":45,"minecraft:deepslate_lapis_ore":21,"minecraft:azure_bluet":5,"minecraft:sculk_shrieker":3,"anthropology_items__structures:limestone_brick":1,"minecraft:cave_vines":15,"minecraft:dirt_path":3,"minecraft:light_gray_concrete":6,"minecraft:deepslate_brick_stairs":9,"minecraft:azalea":4,"minecraft:deepslate_redstone_ore":4,"minecraft:red_bed":3,"minecraft:crimson_nylium":1,"minecraft:smoker":1,"minecraft:soul_lantern":3,"minecraft:clay":39,"minecraft:torch":43,"minecraft:melon":24,"minecraft:chest":5,"minecraft:glass":2,"minecraft:nether_quartz_ore":12,"minecraft:cobblestone":69,"minecraft:damaged_anvil":1,"minecraft:oak_planks":32,"minecraft:wall_torch":26,"thestarvedstalker:bloodstone_ore":1,"minecraft:birch_log":19,"minecraft:warped_fungus":1,"minecraft:stone_brick_stairs":3,"minecraft:grass":206,"minecraft:oak_log":264,"minecraft:dirt":310,"minecraft:sand":323,"minecraft:stonecutter":4,"minecraft:netherrack":69,"anthropology_items__structures:cracked_limestone_brick":2,"minecraft:oak_leaves":760,"minecraft:deepslate":381,"minecraft:crying_obsidian":4,"minecraft:tuff":13,"thestarvedstalker:cadased_soil":1,"minecraft:mossy_cobblestone":239,"minecraft:deepslate_diamond_ore":25,"minecraft:oak_door":1,"butchercraft:meat_hook":4,"minecraft:cobbled_deepslate_slab":3,"minecraft:glow_lichen":1,"minecraft:ladder":3,"minecraft:jungle_planks":32,"butchercraft:cow_hide_carpet":1,"minecraft:moss_block":9,"cgm:workbench":2,"minecraft:hay_block":47,"minecraft:redstone_ore":1,"minecraft:oak_trapdoor":14,"minecraft:furnace":4,"minecraft:acacia_wood":4,"minecraft:andesite":61,"butchercraft:butcher_block":5,"minecraft:mossy_stone_brick_stairs":1,"minecraft:bookshelf":8,"minecraft:potatoes":4,"minecraft:deepslate_iron_ore":99,"minecraft:vine":141,"minecraft:rail":1,"minecraft:lantern":4,"minecraft:stripped_jungle_log":7,"minecraft:bamboo_sapling":4,"minecraft:bamboo":67,"minecraft:stone":901,"sophisticatedbackpacks:backpack":1,"minecraft:white_wool":3,"minecraft:podzol":4,"minecraft:smithing_table":1,"thestarvedstalker:hungering_soil":2,"minecraft:acacia_leaves":8,"minecraft:flowering_azalea":1,"minecraft:glass_pane":4,"minecraft:stone_brick_slab":1,"minecraft:oak_fence":5,"minecraft:crafting_table":5,"minecraft:sculk_sensor":5,"minecraft:lectern":1,"minecraft:copper_ore":42,"minecraft:tall_grass":26,"minecraft:lapis_ore":8,"minecraft:deepslate_gold_ore":20,"butchercraft:chicken_head_wall":2,"minecraft:blue_bed":1,"minecraft:sculk":23,"minecraft:bubble_coral":1,"minecraft:sea_pickle":1,"minecraft:birch_leaves":1,"minecraft:white_wall_banner":1,"minecraft:coal_ore":110,"minecraft:gravel":156,"minecraft:cobweb":67,"minecraft:mossy_stone_bricks":1,"minecraft:stone_bricks":9,"minecraft:gold_ore":9,"minecraft:deepslate_emerald_ore":1,"minecraft:fern":40},"minecraft:crafted":{"minecraft:black_dye":1,"minecraft:light_gray_concrete_powder":12,"minecraft:oak_planks":376,"minecraft:cooked_chicken":2,"minecraft:stone":59,"sophisticatedbackpacks:crafting_upgrade":1,"butchercraft:boots":1,"minecraft:cooked_mutton":2,"minecraft:deepslate_brick_stairs":16,"minecraft:glass":180,"minecraft:bow":1,"minecraft:iron_boots":2,"sophisticatedbackpacks:copper_backpack":1,"minecraft:chest":5,"butchercraft:butcher_knife":1,"minecraft:copper_block":13,"minecraft:stone_bricks":8,"minecraft:golden_axe":1,"butchercraft:lard":10,"minecraft:glass_bottle":6,"minecraft:item_frame":18,"sophisticatedbackpacks:backpack":1,"minecraft:cooked_porkchop":51,"minecraft:crafting_table":3,"minecraft:glow_item_frame":5,"minecraft:iron_helmet":2,"minecraft:wooden_pickaxe":1,"minecraft:baked_potato":4,"minecraft:copper_ingot":131,"minecraft:gold_block":1,"minecraft:birch_planks":8,"sophisticatedbackpacks:upgrade_base":2,"butchercraft:chicken_mask":1,"minecraft:stone_brick_stairs":5,"minecraft:iron_chestplate":2,"minecraft:charcoal":6,"minecraft:diamond_pickaxe":1,"minecraft:shield":3,"sophisticatedbackpacks:diamond_backpack":2,"minecraft:stick":136,"minecraft:iron_ingot":370,"minecraft:iron_pickaxe":4,"minecraft:iron_block":14,"minecraft:stone_sword":1,"minecraft:gold_ingot":22,"minecraft:light_gray_dye":11,"minecraft:shears":5,"minecraft:oak_door":3,"minecraft:stone_shovel":1,"minecraft:leather_boots":1,"minecraft:iron_nugget":45,"sophisticatedbackpacks:stack_upgrade_tier_1":1,"minecraft:furnace":5,"sophisticatedbackpacks:stack_upgrade_starter_tier":1,"minecraft:bone_meal":15,"minecraft:white_carpet":3,"minecraft:oak_trapdoor":12,"minecraft:flint_and_steel":1,"minecraft:lantern":3,"minecraft:iron_axe":4,"minecraft:ladder":6,"minecraft:stone_pickaxe":1,"minecraft:redstone_block":4,"butchercraft:meat_hook_item":3,"sophisticatedbackpacks:iron_backpack":1,"minecraft:wheat":405,"minecraft:cooked_beef":109,"butchercraft:skinning_knife":1,"minecraft:iron_sword":1,"butchercraft:butcher_block_block_item":2,"sophisticatedbackpacks:gold_backpack":1,"minecraft:golden_shovel":1,"minecraft:bucket":2,"minecraft:stone_axe":1,"minecraft:jungle_slab":6,"minecraft:bread":135,"minecraft:air":0,"minecraft:jungle_planks":96,"butchercraft:paper_hat":1,"butchercraft:gut_knife":1,"minecraft:oak_stairs":4,"minecraft:birch_trapdoor":2,"minecraft:iron_shovel":1,"minecraft:iron_leggings":1,"butchercraft:apron":1,"minecraft:stonecutter":1,"minecraft:white_bed":1,"minecraft:acacia_planks":16,"minecraft:torch":76,"minecraft:lapis_block":21,"minecraft:clay":30,"butchercraft:bone_saw":1},"minecraft:used":{"minecraft:moss_block":2,"minecraft:iron_shovel":208,"thestarvedstalker:famine_trophy":1,"minecraft:ladder":11,"butchercraft:butcher_knife":9,"minecraft:chest":11,"minecraft:shield":91,"minecraft:stone":2,"minecraft:iron_sword":214,"minecraft:mossy_stone_brick_slab":2,"minecraft:jungle_planks":23,"minecraft:tuff":1,"minecraft:axolotl_bucket":1,"minecraft:obsidian":5,"minecraft:glass":174,"minecraft:jungle_sapling":4,"thestarvedstalker:the_starved_stalker_spawn_egg":1,"cgm:shotgun":48,"minecraft:lantern":8,"minecraft:mossy_cobblestone_slab":2,"minecraft:stone_brick_stairs":5,"minecraft:item_frame":33,"minecraft:stone_bricks":7,"minecraft:bow":38,"minecraft:hay_block":1,"minecraft:oak_sapling":12,"minecraft:furnace":9,"minecraft:gold_block":11,"thestarvedstalker:hungering_soil":1,"minecraft:egg":5,"minecraft:mossy_stone_bricks":1,"minecraft:damaged_anvil":1,"minecraft:oak_planks":240,"minecraft:stone_pickaxe":116,"butchercraft:meat_hook_item":7,"minecraft:ender_pearl":3,"minecraft:wooden_pickaxe":33,"minecraft:mossy_stone_brick_stairs":1,"minecraft:sugar_cane":12,"minecraft:blue_bed":4,"butchercraft:butcher_block_block_item":7,"minecraft:oak_leaves":393,"minecraft:glow_berries":37,"minecraft:sand":12,"anthropology_items__structures:cracked_limestone_brick":2,"minecraft:deepslate_brick_stairs":21,"minecraft:shears":860,"minecraft:redstone_torch":4,"sophisticatedbackpacks:backpack":1,"minecraft:crying_obsidian":2,"minecraft:melon_slice":107,"minecraft:bread":49,"tombstone:grave_key":9,"minecraft:gravel":1,"minecraft:diamond_sword":1028,"thestarvedstalker:starved_glaive":308,"minecraft:andesite":11,"minecraft:stone_sword":117,"minecraft:jungle_leaves":89,"minecraft:bone_meal":40,"minecraft:golden_pickaxe":25,"thestarvedstalker:famine_spawn_egg":1,"minecraft:oak_trapdoor":18,"minecraft:flint_and_steel":10,"minecraft:carved_pumpkin":23,"minecraft:tropical_fish":12,"minecraft:stone_shovel":135,"minecraft:cooked_chicken":2,"minecraft:netherrack":19,"minecraft:oak_door":2,"minecraft:torch":213,"minecraft:dirt":356,"cgm:workbench":2,"tombstone:scroll_of_aquatic_life":2,"minecraft:golden_shovel":18,"cgm:rifle":1,"minecraft:mossy_cobblestone_stairs":1,"butchercraft:blood_fluid_bucket":5,"minecraft:iron_axe":640,"minecraft:iron_block":46,"minecraft:oak_stairs":2,"minecraft:jungle_log":112,"minecraft:totem_of_undying":1,"minecraft:bamboo":973,"tombstone:gift":12,"minecraft:cooked_beef":71,"minecraft:cobbled_deepslate":240,"minecraft:acacia_planks":10,"minecraft:golden_axe":4,"minecraft:water_bucket":117,"butchercraft:cow_hide":1,"minecraft:baked_potato":12,"minecraft:stonecutter":5,"minecraft:glow_item_frame":5,"minecraft:mossy_cobblestone":7,"minecraft:vine":122,"minecraft:crafting_table":7,"minecraft:red_bed":3,"minecraft:white_bed":6,"minecraft:light_gray_concrete_powder":6,"minecraft:smoker":1,"tombstone:bag_of_seeds":3,"minecraft:diamond_pickaxe":868,"minecraft:apple":2,"minecraft:diamond_shovel":485,"minecraft:stripped_jungle_log":1,"minecraft:iron_pickaxe":1469,"minecraft:stone_axe":107,"minecraft:cobblestone":529,"minecraft:cobbled_deepslate_slab":4,"minecraft:white_banner":3,"minecraft:cooked_porkchop":46,"minecraft:bucket":124,"the_silence:sad_satan":1}},"DataVersion":3120}