{"stats":{"minecraft:used":{"minecraft:moss_block":2,"minecraft:iron_shovel":208,"minecraft:ladder":11,"butchercraft:butcher_knife":10,"minecraft:chest":13,"minecraft:shield":95,"minecraft:stone":2,"minecraft:iron_sword":214,"minecraft:mossy_stone_brick_slab":2,"minecraft:jungle_planks":23,"minecraft:tuff":3,"minecraft:axolotl_bucket":1,"minecraft:obsidian":5,"minecraft:glass":174,"minecraft:jungle_sapling":4,"cgm:shotgun":86,"minecraft:birch_sapling":10,"minecraft:lantern":8,"minecraft:mossy_cobblestone_slab":2,"minecraft:stone_brick_stairs":5,"minecraft:item_frame":33,"minecraft:stone_bricks":7,"minecraft:bow":38,"minecraft:hay_block":1,"minecraft:oak_sapling":76,"minecraft:furnace":9,"minecraft:gold_block":11,"minecraft:egg":8,"minecraft:potato":38,"minecraft:mossy_stone_bricks":1,"minecraft:damaged_anvil":1,"minecraft:oak_planks":246,"minecraft:stone_pickaxe":116,"butchercraft:meat_hook_item":7,"minecraft:ender_pearl":3,"minecraft:wooden_pickaxe":33,"minecraft:mossy_stone_brick_stairs":1,"minecraft:sugar_cane":13,"minecraft:blue_bed":4,"butchercraft:butcher_block_block_item":8,"minecraft:jungle_boat":1,"minecraft:oak_leaves":393,"elevatorid:elevator_white":4,"minecraft:glow_berries":37,"minecraft:sand":12,"anthropology_items__structures:cracked_limestone_brick":2,"minecraft:deepslate_brick_stairs":21,"minecraft:shears":880,"minecraft:redstone_torch":4,"sophisticatedbackpacks:backpack":1,"minecraft:crying_obsidian":2,"minecraft:melon_slice":107,"minecraft:bread":66,"tombstone:grave_key":11,"minecraft:gravel":1,"minecraft:diamond_sword":1155,"minecraft:andesite":11,"minecraft:jungle_leaves":89,"minecraft:bone_meal":40,"minecraft:golden_pickaxe":25,"minecraft:stone_sword":117,"minecraft:oak_trapdoor":18,"minecraft:flint_and_steel":10,"minecraft:carved_pumpkin":23,"minecraft:tropical_fish":12,"minecraft:stone_shovel":135,"minecraft:cooked_chicken":2,"minecraft:netherrack":19,"minecraft:oak_door":2,"minecraft:torch":276,"minecraft:dirt":363,"cgm:workbench":2,"tombstone:scroll_of_aquatic_life":2,"minecraft:golden_shovel":18,"cgm:rifle":1,"minecraft:granite":5,"minecraft:mossy_cobblestone_stairs":1,"butchercraft:blood_fluid_bucket":13,"minecraft:iron_axe":917,"minecraft:iron_block":46,"minecraft:oak_stairs":2,"minecraft:jungle_log":112,"minecraft:totem_of_undying":1,"minecraft:bamboo":978,"tombstone:gift":12,"minecraft:cooked_beef":80,"minecraft:cobbled_deepslate":240,"minecraft:acacia_planks":10,"minecraft:golden_axe":4,"minecraft:water_bucket":153,"butchercraft:cow_hide":3,"minecraft:baked_potato":24,"minecraft:stonecutter":5,"minecraft:glow_item_frame":5,"minecraft:mossy_cobblestone":7,"minecraft:vine":122,"minecraft:crafting_table":7,"minecraft:red_bed":3,"minecraft:white_bed":6,"minecraft:light_gray_concrete_powder":6,"minecraft:smoker":1,"tombstone:bag_of_seeds":3,"minecraft:diamond_pickaxe":1185,"minecraft:apple":2,"minecraft:diamond_shovel":490,"minecraft:stripped_jungle_log":1,"minecraft:iron_pickaxe":1469,"minecraft:stone_axe":107,"minecraft:cobblestone":583,"minecraft:cobbled_deepslate_slab":4,"minecraft:white_banner":3,"minecraft:cooked_porkchop":46,"minecraft:bucket":163,"the_silence:sad_satan":1},"minecraft:picked_up":{"tombstone:tablet_of_home":1,"butchercraft:blood_fluid_bottle":4,"minecraft:smithing_table":1,"minecraft:lead":8,"minecraft:diamond_sword":5,"minecraft:wither_rose":6,"minecraft:enchanted_book":1,"butchercraft:pork_scraps":5,"minecraft:stone_brick_stairs":2,"minecraft:brewing_stand":1,"minecraft:amethyst_block":2,"butchercraft:cow_carcass":13,"minecraft:string":111,"minecraft:raw_copper":218,"minecraft:iron_leggings":2,"minecraft:activator_rail":5,"minecraft:cobbled_deepslate":476,"minecraft:bucket":5,"minecraft:redstone_torch":4,"minecraft:azalea":5,"minecraft:iron_pickaxe":3,"butchercraft:fat":43,"minecraft:melon_slice":119,"cgm:advanced_bullet":243,"minecraft:iron_boots":2,"minecraft:furnace":4,"tombstone:scroll_of_lightning_resistance":1,"minecraft:stick":116,"minecraft:big_dripleaf":8,"minecraft:oak_fence":4,"minecraft:torch":166,"minecraft:acacia_log":1,"minecraft:porkchop":91,"tombstone:grave_dust":15,"minecraft:vine":112,"butchercraft:meat_hook_item":4,"butchercraft:gold_rabbit_carcass":2,"minecraft:rotten_flesh":57,"minecraft:tropical_fish":12,"tombstone:scroll_of_aquatic_life":1,"butchercraft:blood_fluid_bucket":7,"minecraft:deepslate_brick_stairs":11,"minecraft:obsidian":6,"minecraft:cobblestone":1100,"minecraft:birch_log":69,"butchercraft:tripe":28,"minecraft:mossy_cobblestone_slab":2,"minecraft:leather_chestplate":1,"minecraft:feather":77,"minecraft:andesite":61,"minecraft:jungle_log":231,"minecraft:brown_wool":2,"minecraft:smoker":1,"minecraft:potato":67,"butchercraft:cow_hide":4,"minecraft:flint":6,"minecraft:tuff":18,"anthropology_items__structures:hunters_machete":1,"butchercraft:chicken_head_item":5,"minecraft:lapis_lazuli":200,"minecraft:dirt":778,"minecraft:lantern":7,"minecraft:name_tag":3,"minecraft:bone":86,"minecraft:stonecutter":4,"minecraft:bow":1,"minecraft:wheat_seeds":75,"minecraft:cobbled_deepslate_slab":4,"minecraft:raw_gold":43,"minecraft:mossy_stone_bricks":1,"minecraft:bamboo":1409,"minecraft:glowstone_dust":2,"minecraft:powered_rail":8,"minecraft:moss_block":8,"minecraft:oak_planks":59,"minecraft:mossy_stone_brick_stairs":1,"minecraft:cooked_porkchop":19,"cgm:rifle":1,"butchercraft:beef_stewmeat":72,"minecraft:sand":334,"butchercraft:heart":7,"minecraft:jungle_planks":32,"sophisticatedbackpacks:iron_backpack":1,"minecraft:ink_sac":5,"minecraft:grass_block":2,"minecraft:dead_bush":20,"minecraft:mossy_cobblestone":224,"minecraft:jungle_leaves":111,"minecraft:bundle":2,"cgm:shell":144,"minecraft:light_gray_concrete":6,"minecraft:clay":1,"minecraft:diamond":30,"minecraft:soul_lantern":3,"minecraft:granite":11,"minecraft:grass":9,"minecraft:emerald":5,"butchercraft:gut_knife":1,"minecraft:oak_sapling":168,"minecraft:netherrack":66,"anthropology_items__structures:limestone_brick":1,"minecraft:oak_leaves":519,"minecraft:crimson_roots":1,"minecraft:charcoal":4,"minecraft:cocoa_beans":9,"minecraft:crafting_table":5,"minecraft:azure_bluet":5,"butchercraft:cubed_beef":27,"minecraft:chicken":27,"minecraft:ladder":3,"minecraft:clay_ball":161,"minecraft:chest_minecart":5,"minecraft:chain":3,"minecraft:oak_trapdoor":14,"minecraft:red_bed":3,"minecraft:moss_carpet":6,"minecraft:iron_axe":2,"cgm:shotgun":2,"minecraft:item_frame":20,"butchercraft:beef_roast":63,"minecraft:beef":252,"butchercraft:kidney":12,"minecraft:jungle_sapling":9,"minecraft:iron_nugget":180,"minecraft:poppy":1,"anthropology_items__structures:cracked_limestone_brick":2,"minecraft:light_gray_wool":1,"minecraft:lectern":1,"minecraft:sugar_cane":50,"minecraft:chest":5,"minecraft:birch_sapling":15,"minecraft:egg":8,"minecraft:sandstone":6,"minecraft:raw_iron":302,"minecraft:oak_door":1,"minecraft:copper_ingot":2,"sophisticatedbackpacks:backpack":2,"the_silence:sad_satan":20,"butchercraft:sinew":50,"minecraft:redstone":32,"butchercraft:lung":14,"butchercraft:chicken_scraps":1,"minecraft:arrow":32,"minecraft:beetroot_seeds":5,"minecraft:shears":3,"minecraft:hay_block":46,"butchercraft:chicken_carcass":7,"minecraft:saddle":4,"minecraft:gold_ingot":1,"minecraft:totem_of_undying":2,"butchercraft:beef_scraps":100,"minecraft:glow_berries":44,"minecraft:mutton":38,"minecraft:white_wool":34,"minecraft:rail":27,"minecraft:oxeye_daisy":6,"minecraft:jungle_boat":1,"minecraft:glow_ink_sac":7,"minecraft:leather":77,"minecraft:fern":3,"minecraft:acacia_wood":4,"minecraft:oak_log":425,"butchercraft:butcher_block_block_item":6,"minecraft:gunpowder":15,"minecraft:blue_bed":4,"minecraft:paper":1,"minecraft:white_banner":8,"man:cassette_1safetyinstructions":1,"minecraft:apple":34,"minecraft:stone_bricks":9,"minecraft:iron_ingot":53,"minecraft:stone_pickaxe":2,"tombstone:bag_of_seeds":2,"butchercraft:liver":6,"minecraft:acacia_sapling":4,"minecraft:iron_sword":1,"minecraft:flowering_azalea":3,"sophisticatedbackpacks:diamond_backpack":1,"minecraft:book":19,"elevatorid:elevator_white":1,"butchercraft:pig_carcass":2,"minecraft:stone_brick_slab":1,"minecraft:quartz":11,"minecraft:gravel":160,"butchercraft:oxtail":6,"minecraft:amethyst_shard":44,"minecraft:white_bed":6,"minecraft:crying_obsidian":4,"minecraft:mossy_stone_brick_slab":2,"minecraft:spider_eye":13,"butchercraft:sheep_carcass":1,"butchercraft:cow_head_item":4,"butchercraft:beef_ribs":18,"minecraft:stripped_jungle_log":17,"butchercraft:leather_scrap":42,"minecraft:pumpkin_seeds":4,"butchercraft:stomach":16,"minecraft:mossy_cobblestone_stairs":1,"minecraft:gray_wool":5,"minecraft:damaged_anvil":1,"butchercraft:white_rabbit_carcass":2,"minecraft:baked_potato":26,"minecraft:melon_seeds":11,"minecraft:black_wool":3,"cgm:workbench":2,"minecraft:coal":198,"minecraft:ender_pearl":1},"minecraft:killed":{"minecraft:cave_spider":10,"minecraft:witch":3,"minecraft:spider":12,"minecraft:skeleton":33,"minecraft:chicken":30,"screaming_villager:screaming_sheep":16,"minecraft:axolotl":1,"minecraft:silverfish":2,"minecraft:piglin":2,"minecraft:pig":34,"minecraft:zombie_villager":2,"minecraft:creeper":8,"minecraft:sheep":29,"minecraft:pillager":24,"minecraft:trader_llama":6,"minecraft:zombie":60,"kim_dweller:kim_dweller":1,"minecraft:glow_squid":3,"apollyon:the_damned":4,"minecraft:cow":44,"minecraft:evoker":3,"minecraft:vex":2,"minecraft:vindicator":9,"minecraft:llama":24,"minecraft:drowned":8,"minecraft:rabbit":4,"screaming_villager:screaming_villager":1,"minecraft:wandering_trader":2,"minecraft:ravager":2,"minecraft:hoglin":1,"minecraft:squid":4,"minecraft:enderman":6},"minecraft:dropped":{"butchercraft:chicken_mask":1,"butchercraft:beef_scraps":32,"butchercraft:leather_scrap":15,"minecraft:moss_block":2,"minecraft:cooked_beef":3,"butchercraft:lung":2,"minecraft:ender_pearl":2,"minecraft:glass_bottle":2,"minecraft:cooked_porkchop":18,"butchercraft:blood_fluid_bottle":2,"butchercraft:cow_head_item":2,"minecraft:dirt":384,"minecraft:grass":5,"butchercraft:blood_fluid_bucket":1,"minecraft:sand":35,"butchercraft:beef_roast":21,"minecraft:iron_pickaxe":2,"minecraft:gravel":1,"minecraft:golden_chestplate":1,"cgm:shotgun":1,"minecraft:cobbled_deepslate":1,"minecraft:rotten_flesh":17,"minecraft:oak_planks":1,"butchercraft:liver":1,"minecraft:gunpowder":1,"minecraft:azalea":2,"minecraft:beef":64,"minecraft:crying_obsidian":2,"minecraft:oak_leaves":1,"minecraft:water_bucket":1,"butchercraft:cow_hide":1,"butchercraft:fat":7,"minecraft:vine":1,"butchercraft:sinew":5,"minecraft:wheat_seeds":6,"anthropology_items__structures:hunters_machete":1,"butchercraft:beef_ribs":6,"butchercraft:beef_stewmeat":24,"minecraft:cobblestone":151,"man:cassette_1safetyinstructions":2,"butchercraft:gut_knife":1,"minecraft:stick":1,"butchercraft:tripe":8,"anthropology_items__structures:limestone_brick":1,"minecraft:torch":8,"minecraft:dead_bush":3,"minecraft:wither_rose":2,"butchercraft:oxtail":1,"minecraft:flowering_azalea":1,"minecraft:iron_axe":1,"minecraft:bucket":3,"cgm:rifle":1,"cgm:advanced_bullet":233,"butchercraft:chicken_carcass":1,"minecraft:shears":1,"minecraft:diamond_sword":4,"butchercraft:kidney":2,"butchercraft:stomach":4,"minecraft:shield":1,"butchercraft:cubed_beef":9,"minecraft:oak_sapling":3,"butchercraft:heart":1,"butchercraft:cow_carcass":1},"minecraft:broken":{"minecraft:golden_helmet":1,"minecraft:shears":4,"minecraft:iron_boots":3,"minecraft:iron_chestplate":3,"butchercraft:paper_hat":1,"minecraft:stone_axe":1,"minecraft:iron_sword":1,"minecraft:bow":1,"minecraft:stone_shovel":1,"minecraft:golden_chestplate":1,"minecraft:stone_sword":1,"minecraft:shield":1,"minecraft:iron_axe":4,"minecraft:iron_pickaxe":5,"minecraft:iron_helmet":3,"minecraft:golden_pickaxe":1},"minecraft:killed_by":{"the_silence:the_silence_principal":5,"minecraft:creeper":1,"minecraft:pillager":1,"minecraft:ravager":6,"siren_head:siren_head":4,"minecraft:vindicator":8,"man:managgresive":3,"minecraft:cave_spider":1,"the_one_who_watches:toww_running":1,"minecraft:zombie":3,"torture:torture":4,"irritator:irritator":1,"kim_dweller:kim_dweller":3,"demonic_watcher:demonic_watcher":3,"minecraft:vex":8,"minecraft:player":7,"jacky:jacky":8,"cartoon_dweller:cartoon_dweller":13,"apollyon:the_damned":3,"screaming_villager:screaming_sheep":1,"minecraft:skeleton":5,"mokey:mokey":2,"screaming_villager:screaming_villager":1,"cave_dweller:cave_dweller":2},"minecraft:custom":{"minecraft:interact_with_crafting_table":176,"minecraft:open_barrel":1,"minecraft:bell_ring":8,"minecraft:leave_game":85,"minecraft:time_since_death":576,"minecraft:sprint_one_cm":2814269,"minecraft:damage_blocked_by_shield":5605,"minecraft:drop":156,"minecraft:play_time":1141615,"minecraft:deaths":123,"minecraft:jump":17904,"minecraft:walk_on_water_one_cm":193235,"minecraft:interact_with_furnace":436,"minecraft:sleep_in_bed":47,"tombstone:sneak_grave":2,"minecraft:damage_dealt":80591,"minecraft:player_kills":3,"minecraft:crouch_one_cm":490363,"tombstone:undead_killed":103,"tombstone:villager_killed":2,"minecraft:interact_with_smoker":9,"minecraft:interact_with_anvil":1,"minecraft:mob_kills":408,"minecraft:damage_dealt_resisted":552,"minecraft:climb_one_cm":276620,"minecraft:walk_one_cm":2617188,"minecraft:damage_dealt_absorbed":121,"minecraft:raid_win":1,"minecraft:sneak_time":142748,"minecraft:walk_under_water_one_cm":113221,"minecraft:boat_one_cm":62002,"minecraft:total_world_time":1141615,"tombstone:raider_killed":41,"minecraft:raid_trigger":1,"minecraft:interact_with_stonecutter":10,"minecraft:time_since_rest":189,"minecraft:damage_taken":50599,"minecraft:swim_one_cm":281285,"minecraft:fly_one_cm":2563204,"minecraft:open_chest":1104,"minecraft:fall_one_cm":484280},"minecraft:mined":{"minecraft:white_bed":4,"minecraft:farmland":12,"minecraft:mossy_stone_brick_slab":2,"minecraft:sculk_vein":3,"the_silence:sad_satan":20,"minecraft:jungle_leaves":165,"minecraft:brewing_stand":1,"minecraft:obsidian":6,"minecraft:cave_vines_plant":9,"minecraft:granite":12,"minecraft:acacia_log":10,"minecraft:grass_block":200,"minecraft:jungle_log":183,"minecraft:oxeye_daisy":6,"minecraft:spawner":3,"thestarvedstalker:putrestone":1,"minecraft:mossy_cobblestone_slab":2,"minecraft:mossy_cobblestone_stairs":1,"minecraft:iron_ore":197,"minecraft:fire":13,"minecraft:cobbled_deepslate":45,"minecraft:deepslate_lapis_ore":23,"minecraft:azure_bluet":5,"minecraft:sculk_shrieker":6,"anthropology_items__structures:limestone_brick":1,"minecraft:cave_vines":15,"minecraft:dirt_path":3,"minecraft:light_gray_concrete":6,"minecraft:deepslate_brick_stairs":9,"minecraft:azalea":4,"minecraft:deepslate_redstone_ore":5,"minecraft:red_bed":3,"minecraft:crimson_nylium":1,"minecraft:smoker":1,"minecraft:amethyst_cluster":11,"minecraft:soul_lantern":3,"minecraft:clay":40,"minecraft:torch":55,"minecraft:melon":24,"minecraft:chest":5,"minecraft:dead_bush":20,"minecraft:glass":2,"minecraft:nether_quartz_ore":12,"minecraft:cobblestone":71,"minecraft:damaged_anvil":1,"minecraft:oak_planks":34,"minecraft:sugar_cane":19,"minecraft:wall_torch":33,"minecraft:amethyst_block":2,"minecraft:deepslate_copper_ore":6,"thestarvedstalker:bloodstone_ore":1,"minecraft:birch_log":69,"minecraft:warped_fungus":1,"minecraft:stone_brick_stairs":3,"minecraft:grass":228,"minecraft:oak_log":441,"minecraft:dirt":314,"minecraft:sand":323,"minecraft:stonecutter":4,"minecraft:netherrack":69,"anthropology_items__structures:cracked_limestone_brick":2,"minecraft:oak_leaves":765,"minecraft:deepslate":406,"minecraft:crying_obsidian":4,"minecraft:diamond_ore":1,"minecraft:tuff":15,"thestarvedstalker:cadased_soil":1,"minecraft:mossy_cobblestone":239,"minecraft:deepslate_diamond_ore":29,"minecraft:oak_door":1,"butchercraft:meat_hook":4,"minecraft:cobbled_deepslate_slab":3,"minecraft:glow_lichen":1,"minecraft:ladder":3,"minecraft:jungle_planks":32,"butchercraft:cow_hide_carpet":1,"minecraft:moss_block":9,"minecraft:sandstone":11,"cgm:workbench":2,"minecraft:hay_block":47,"minecraft:redstone_ore":1,"minecraft:oak_trapdoor":14,"minecraft:furnace":4,"minecraft:acacia_wood":4,"minecraft:andesite":61,"butchercraft:butcher_block":6,"minecraft:mossy_stone_brick_stairs":1,"minecraft:bookshelf":8,"minecraft:potatoes":18,"minecraft:deepslate_iron_ore":108,"minecraft:vine":141,"minecraft:rail":1,"minecraft:lantern":4,"minecraft:stripped_jungle_log":7,"minecraft:bamboo_sapling":4,"minecraft:bamboo":68,"minecraft:stone":989,"sophisticatedbackpacks:backpack":1,"minecraft:white_wool":3,"minecraft:podzol":4,"minecraft:smithing_table":1,"thestarvedstalker:hungering_soil":2,"minecraft:acacia_leaves":8,"minecraft:flowering_azalea":2,"minecraft:glass_pane":4,"minecraft:stone_brick_slab":1,"minecraft:oak_fence":5,"minecraft:crafting_table":5,"minecraft:sculk_sensor":7,"minecraft:lectern":1,"minecraft:copper_ore":57,"minecraft:tall_grass":26,"minecraft:lapis_ore":8,"minecraft:deepslate_gold_ore":35,"butchercraft:chicken_head_wall":2,"minecraft:blue_bed":1,"minecraft:sculk":26,"minecraft:bubble_coral":1,"minecraft:sea_pickle":1,"minecraft:birch_leaves":1,"minecraft:white_wall_banner":1,"elevatorid:elevator_white":1,"minecraft:coal_ore":167,"minecraft:gravel":156,"minecraft:cobweb":67,"minecraft:mossy_stone_bricks":1,"minecraft:gold_ore":9,"minecraft:stone_bricks":9,"minecraft:deepslate_emerald_ore":1,"minecraft:fern":42},"minecraft:crafted":{"minecraft:black_dye":5,"minecraft:light_gray_concrete_powder":12,"minecraft:oak_planks":376,"minecraft:cooked_chicken":2,"minecraft:stone":59,"sophisticatedbackpacks:crafting_upgrade":1,"butchercraft:boots":1,"minecraft:cooked_mutton":2,"minecraft:deepslate_brick_stairs":16,"minecraft:glass":180,"minecraft:bow":1,"minecraft:iron_boots":2,"sophisticatedbackpacks:copper_backpack":1,"minecraft:chest":5,"butchercraft:butcher_knife":1,"minecraft:copper_block":13,"minecraft:stone_bricks":8,"minecraft:golden_axe":1,"butchercraft:lard":10,"minecraft:glass_bottle":6,"minecraft:item_frame":18,"sophisticatedbackpacks:backpack":1,"minecraft:cooked_porkchop":51,"minecraft:crafting_table":3,"minecraft:jungle_boat":1,"minecraft:glow_item_frame":5,"minecraft:iron_helmet":3,"minecraft:wooden_pickaxe":1,"minecraft:baked_potato":5,"minecraft:copper_ingot":155,"minecraft:gold_block":1,"minecraft:birch_planks":8,"sophisticatedbackpacks:upgrade_base":2,"butchercraft:chicken_mask":1,"minecraft:stone_brick_stairs":5,"minecraft:iron_chestplate":4,"minecraft:charcoal":6,"minecraft:diamond_pickaxe":1,"minecraft:shield":3,"sophisticatedbackpacks:diamond_backpack":2,"minecraft:stick":136,"minecraft:iron_ingot":428,"minecraft:iron_pickaxe":4,"minecraft:iron_block":14,"minecraft:stone_sword":1,"minecraft:gold_ingot":46,"minecraft:light_gray_dye":11,"minecraft:shears":5,"minecraft:oak_door":3,"minecraft:stone_shovel":1,"minecraft:leather_boots":1,"minecraft:iron_nugget":45,"sophisticatedbackpacks:stack_upgrade_tier_1":1,"minecraft:furnace":5,"sophisticatedbackpacks:stack_upgrade_starter_tier":1,"minecraft:bone_meal":15,"minecraft:white_carpet":3,"minecraft:oak_trapdoor":12,"minecraft:flint_and_steel":1,"minecraft:lantern":3,"minecraft:iron_axe":4,"minecraft:ladder":6,"minecraft:stone_pickaxe":1,"minecraft:redstone_block":4,"butchercraft:meat_hook_item":3,"sophisticatedbackpacks:iron_backpack":1,"minecraft:wheat":405,"minecraft:cooked_beef":109,"butchercraft:skinning_knife":1,"minecraft:iron_sword":1,"butchercraft:butcher_block_block_item":2,"sophisticatedbackpacks:gold_backpack":1,"minecraft:golden_shovel":1,"minecraft:bucket":2,"minecraft:stone_axe":1,"minecraft:jungle_slab":6,"minecraft:bread":135,"minecraft:air":0,"minecraft:jungle_planks":96,"butchercraft:paper_hat":1,"minecraft:gold_nugget":63,"butchercraft:gut_knife":1,"minecraft:oak_stairs":4,"minecraft:birch_trapdoor":2,"minecraft:iron_shovel":1,"minecraft:iron_leggings":1,"butchercraft:apron":1,"minecraft:stonecutter":1,"minecraft:white_bed":1,"minecraft:acacia_planks":16,"minecraft:torch":76,"minecraft:lapis_block":21,"minecraft:clay":30,"butchercraft:bone_saw":1}},"DataVersion":3120}