{"stats":{"minecraft:crafted":{"minecraft:black_dye":1,"minecraft:oak_planks":108,"minecraft:cooked_chicken":2,"minecraft:stone":59,"sophisticatedbackpacks:crafting_upgrade":1,"minecraft:cooked_mutton":2,"minecraft:deepslate_brick_stairs":11,"minecraft:glass":18,"minecraft:bow":1,"minecraft:iron_boots":2,"sophisticatedbackpacks:copper_backpack":1,"minecraft:chest":5,"minecraft:copper_block":13,"minecraft:stone_bricks":8,"minecraft:golden_axe":1,"minecraft:item_frame":18,"sophisticatedbackpacks:backpack":1,"minecraft:cooked_porkchop":47,"minecraft:crafting_table":2,"minecraft:glow_item_frame":5,"minecraft:iron_helmet":2,"minecraft:wooden_pickaxe":1,"minecraft:baked_potato":4,"minecraft:copper_ingot":131,"minecraft:gold_block":1,"minecraft:birch_planks":8,"sophisticatedbackpacks:upgrade_base":2,"minecraft:stone_brick_stairs":5,"minecraft:iron_chestplate":2,"minecraft:diamond_pickaxe":1,"minecraft:charcoal":6,"minecraft:shield":1,"sophisticatedbackpacks:diamond_backpack":2,"minecraft:stick":128,"minecraft:iron_ingot":223,"minecraft:iron_pickaxe":4,"minecraft:iron_block":14,"minecraft:stone_sword":1,"minecraft:gold_ingot":22,"minecraft:shears":3,"minecraft:oak_door":3,"minecraft:stone_shovel":1,"minecraft:iron_nugget":27,"sophisticatedbackpacks:stack_upgrade_tier_1":1,"minecraft:furnace":5,"sophisticatedbackpacks:stack_upgrade_starter_tier":1,"minecraft:bone_meal":15,"minecraft:oak_trapdoor":10,"minecraft:flint_and_steel":1,"minecraft:lantern":3,"minecraft:iron_axe":2,"minecraft:stone_pickaxe":1,"minecraft:redstone_block":4,"sophisticatedbackpacks:iron_backpack":1,"minecraft:wheat":405,"minecraft:cooked_beef":52,"minecraft:iron_sword":1,"minecraft:golden_shovel":1,"sophisticatedbackpacks:gold_backpack":1,"minecraft:bucket":2,"minecraft:stone_axe":1,"minecraft:bread":135,"minecraft:air":0,"minecraft:jungle_planks":92,"minecraft:oak_stairs":4,"minecraft:birch_trapdoor":2,"minecraft:iron_shovel":1,"minecraft:iron_leggings":1,"minecraft:stonecutter":1,"minecraft:white_bed":1,"minecraft:acacia_planks":12,"minecraft:torch":76,"minecraft:clay":30,"minecraft:lapis_block":14},"minecraft:broken":{"minecraft:golden_helmet":1,"minecraft:shears":4,"minecraft:iron_boots":1,"minecraft:iron_chestplate":1,"minecraft:stone_axe":1,"minecraft:iron_sword":1,"minecraft:stone_shovel":1,"minecraft:golden_chestplate":1,"minecraft:stone_sword":1,"minecraft:shield":1,"minecraft:iron_axe":2,"minecraft:iron_pickaxe":4,"minecraft:iron_helmet":1,"minecraft:golden_pickaxe":1},"minecraft:custom":{"minecraft:interact_with_crafting_table":132,"minecraft:open_barrel":1,"minecraft:bell_ring":8,"minecraft:leave_game":50,"minecraft:time_since_death":10603,"minecraft:sprint_one_cm":1721773,"minecraft:damage_blocked_by_shield":2805,"minecraft:drop":51,"minecraft:play_time":752695,"minecraft:deaths":87,"minecraft:jump":11408,"minecraft:walk_on_water_one_cm":128921,"minecraft:interact_with_furnace":277,"minecraft:sleep_in_bed":29,"tombstone:sneak_grave":2,"minecraft:damage_dealt":62840,"minecraft:player_kills":2,"minecraft:crouch_one_cm":361599,"tombstone:undead_killed":81,"tombstone:villager_killed":1,"minecraft:interact_with_anvil":1,"minecraft:mob_kills":324,"minecraft:damage_dealt_resisted":326,"minecraft:climb_one_cm":192153,"minecraft:walk_one_cm":1711085,"minecraft:damage_dealt_absorbed":81,"minecraft:raid_win":1,"minecraft:sneak_time":105455,"minecraft:walk_under_water_one_cm":77899,"minecraft:total_world_time":752695,"tombstone:raider_killed":41,"minecraft:raid_trigger":1,"minecraft:interact_with_stonecutter":9,"minecraft:time_since_rest":10319,"minecraft:damage_taken":34989,"minecraft:swim_one_cm":156358,"minecraft:fly_one_cm":1390953,"minecraft:open_chest":834,"minecraft:fall_one_cm":299700},"minecraft:picked_up":{"minecraft:smithing_table":1,"tombstone:tablet_of_home":1,"minecraft:lead":2,"minecraft:diamond_sword":5,"minecraft:wither_rose":4,"minecraft:enchanted_book":1,"minecraft:brewing_stand":1,"minecraft:string":109,"minecraft:raw_copper":143,"minecraft:iron_leggings":1,"minecraft:activator_rail":5,"minecraft:cobbled_deepslate":321,"minecraft:redstone_torch":4,"minecraft:azalea":4,"minecraft:iron_pickaxe":3,"minecraft:melon_slice":119,"minecraft:iron_boots":1,"minecraft:furnace":4,"tombstone:scroll_of_lightning_resistance":1,"minecraft:stick":61,"minecraft:big_dripleaf":3,"minecraft:oak_fence":4,"minecraft:torch":121,"minecraft:acacia_log":1,"minecraft:porkchop":91,"tombstone:grave_dust":12,"minecraft:vine":88,"thestarvedstalker:bloodstone":11,"minecraft:rotten_flesh":50,"minecraft:tropical_fish":11,"tombstone:scroll_of_aquatic_life":1,"thestarvedstalker:starved_stalker_plush":1,"minecraft:deepslate_brick_stairs":3,"minecraft:obsidian":6,"minecraft:cobblestone":451,"minecraft:birch_log":19,"minecraft:leather_chestplate":1,"minecraft:feather":28,"minecraft:andesite":33,"minecraft:jungle_log":227,"minecraft:brown_wool":2,"minecraft:smoker":1,"minecraft:potato":1,"minecraft:flint":1,"thestarvedstalker:cobbled_putrestone":1,"minecraft:tuff":14,"minecraft:lapis_lazuli":116,"minecraft:dirt":716,"minecraft:lantern":5,"minecraft:name_tag":3,"minecraft:bone":37,"minecraft:stonecutter":4,"minecraft:wheat_seeds":69,"minecraft:raw_gold":22,"minecraft:cobbled_deepslate_slab":4,"minecraft:mossy_stone_bricks":1,"minecraft:glowstone_dust":2,"minecraft:bamboo":1377,"minecraft:powered_rail":8,"minecraft:moss_block":7,"thestarvedstalker:hungering_soil":3,"minecraft:oak_planks":52,"minecraft:mossy_stone_brick_stairs":1,"minecraft:cooked_porkchop":5,"minecraft:sand":35,"minecraft:jungle_planks":14,"sophisticatedbackpacks:iron_backpack":1,"minecraft:ink_sac":5,"minecraft:grass_block":2,"minecraft:mossy_cobblestone":218,"minecraft:jungle_leaves":111,"minecraft:bundle":1,"minecraft:clay":1,"minecraft:diamond":17,"minecraft:soul_lantern":3,"thestarvedstalker:cadasite":4,"minecraft:granite":4,"minecraft:grass":9,"minecraft:emerald":4,"minecraft:oak_sapling":92,"minecraft:netherrack":38,"anthropology_items__structures:limestone_brick":1,"minecraft:oak_leaves":477,"minecraft:cocoa_beans":9,"minecraft:charcoal":4,"minecraft:crafting_table":5,"minecraft:chicken":23,"minecraft:clay_ball":125,"minecraft:chest_minecart":5,"minecraft:red_bed":3,"minecraft:oak_trapdoor":4,"minecraft:moss_carpet":3,"minecraft:iron_axe":2,"minecraft:item_frame":20,"thestarvedstalker:putrestone":1,"minecraft:beef":66,"minecraft:jungle_sapling":9,"minecraft:light_gray_wool":1,"minecraft:poppy":1,"anthropology_items__structures:cracked_limestone_brick":2,"minecraft:lectern":1,"minecraft:chest":5,"minecraft:birch_sapling":5,"thestarvedstalker:starved_glaive":1,"minecraft:egg":5,"minecraft:raw_iron":209,"minecraft:oak_door":1,"thestarvedstalker:famine_theme_disc":1,"sophisticatedbackpacks:backpack":1,"the_silence:sad_satan":2,"minecraft:redstone":24,"minecraft:arrow":25,"minecraft:beetroot_seeds":5,"thestarvedstalker:famine_spawn_egg":1,"minecraft:shears":2,"minecraft:hay_block":46,"minecraft:totem_of_undying":2,"minecraft:saddle":4,"minecraft:gold_ingot":1,"minecraft:glow_berries":44,"minecraft:mutton":38,"minecraft:rail":27,"minecraft:white_wool":22,"minecraft:glow_ink_sac":4,"minecraft:leather":75,"minecraft:fern":3,"thestarvedstalker:starved_tooth":1,"thestarvedstalker:cadased_bone":3,"minecraft:acacia_wood":4,"minecraft:oak_log":193,"minecraft:gunpowder":5,"minecraft:blue_bed":1,"minecraft:paper":1,"minecraft:white_banner":8,"man:cassette_1safetyinstructions":1,"minecraft:apple":18,"minecraft:stone_bricks":2,"minecraft:iron_ingot":35,"minecraft:stone_pickaxe":2,"tombstone:bag_of_seeds":2,"minecraft:iron_sword":1,"minecraft:flowering_azalea":1,"minecraft:acacia_sapling":4,"sophisticatedbackpacks:diamond_backpack":1,"minecraft:book":19,"minecraft:stone_brick_slab":1,"minecraft:quartz":7,"minecraft:gravel":17,"minecraft:white_bed":4,"minecraft:crying_obsidian":3,"minecraft:mossy_stone_brick_slab":2,"minecraft:spider_eye":12,"minecraft:stripped_jungle_log":2,"minecraft:pumpkin_seeds":4,"minecraft:gray_wool":3,"minecraft:melon_seeds":11,"minecraft:damaged_anvil":1,"minecraft:black_wool":3,"minecraft:coal":123},"minecraft:killed":{"minecraft:cave_spider":10,"minecraft:witch":3,"minecraft:spider":11,"minecraft:skeleton":25,"minecraft:chicken":23,"minecraft:axolotl":1,"minecraft:silverfish":2,"minecraft:piglin":2,"minecraft:pig":30,"minecraft:zombie_villager":2,"minecraft:creeper":6,"minecraft:sheep":28,"minecraft:trader_llama":2,"minecraft:pillager":24,"minecraft:zombie":46,"thestarvedstalker:famine":1,"minecraft:glow_squid":2,"apollyon:the_damned":1,"minecraft:cow":31,"minecraft:evoker":3,"minecraft:vex":2,"minecraft:vindicator":9,"thestarvedstalker:gore_spider":3,"minecraft:llama":24,"minecraft:drowned":8,"minecraft:wandering_trader":1,"minecraft:ravager":2,"minecraft:hoglin":1,"minecraft:squid":4,"thestarvedstalker:hungrejaw":1,"minecraft:enderman":5},"minecraft:used":{"minecraft:moss_block":2,"minecraft:iron_shovel":208,"thestarvedstalker:famine_trophy":1,"minecraft:chest":4,"minecraft:shield":55,"minecraft:stone":2,"minecraft:iron_sword":214,"minecraft:mossy_stone_brick_slab":2,"minecraft:jungle_planks":19,"minecraft:tuff":1,"minecraft:axolotl_bucket":1,"minecraft:obsidian":5,"minecraft:jungle_sapling":4,"thestarvedstalker:the_starved_stalker_spawn_egg":1,"minecraft:lantern":8,"minecraft:stone_brick_stairs":5,"minecraft:item_frame":33,"minecraft:stone_bricks":7,"minecraft:bow":34,"minecraft:hay_block":1,"minecraft:oak_sapling":1,"minecraft:furnace":9,"thestarvedstalker:hungering_soil":1,"minecraft:gold_block":11,"minecraft:egg":5,"minecraft:mossy_stone_bricks":1,"minecraft:damaged_anvil":1,"minecraft:oak_planks":35,"minecraft:stone_pickaxe":116,"minecraft:wooden_pickaxe":33,"minecraft:mossy_stone_brick_stairs":1,"minecraft:blue_bed":1,"minecraft:oak_leaves":393,"minecraft:glow_berries":37,"anthropology_items__structures:cracked_limestone_brick":2,"minecraft:shears":773,"minecraft:deepslate_brick_stairs":13,"minecraft:redstone_torch":4,"sophisticatedbackpacks:backpack":1,"minecraft:crying_obsidian":1,"minecraft:melon_slice":107,"minecraft:bread":33,"tombstone:grave_key":8,"minecraft:gravel":1,"minecraft:diamond_sword":817,"minecraft:andesite":11,"thestarvedstalker:starved_glaive":308,"minecraft:bone_meal":40,"minecraft:golden_pickaxe":25,"minecraft:oak_trapdoor":14,"minecraft:stone_sword":117,"thestarvedstalker:famine_spawn_egg":1,"minecraft:jungle_leaves":89,"minecraft:flint_and_steel":10,"minecraft:carved_pumpkin":23,"minecraft:tropical_fish":12,"minecraft:stone_shovel":135,"minecraft:cooked_chicken":2,"minecraft:netherrack":18,"minecraft:oak_door":2,"minecraft:torch":176,"minecraft:dirt":320,"tombstone:scroll_of_aquatic_life":2,"minecraft:golden_shovel":18,"minecraft:iron_block":46,"minecraft:iron_axe":510,"minecraft:oak_stairs":2,"minecraft:jungle_log":112,"minecraft:totem_of_undying":1,"minecraft:bamboo":949,"tombstone:gift":12,"minecraft:cooked_beef":48,"minecraft:cobbled_deepslate":225,"minecraft:acacia_planks":10,"minecraft:golden_axe":4,"minecraft:water_bucket":78,"minecraft:baked_potato":4,"minecraft:stonecutter":5,"minecraft:glow_item_frame":5,"minecraft:mossy_cobblestone":1,"minecraft:vine":108,"minecraft:crafting_table":5,"minecraft:red_bed":3,"minecraft:white_bed":4,"tombstone:bag_of_seeds":3,"minecraft:diamond_pickaxe":15,"minecraft:apple":2,"minecraft:iron_pickaxe":1462,"minecraft:stone_axe":107,"minecraft:cobblestone":113,"minecraft:cobbled_deepslate_slab":4,"minecraft:white_banner":3,"minecraft:cooked_porkchop":30,"minecraft:bucket":80,"the_silence:sad_satan":1},"minecraft:dropped":{"minecraft:cooked_beef":3,"thestarvedstalker:hungering_soil":1,"minecraft:cooked_porkchop":4,"minecraft:dirt":384,"minecraft:grass":5,"minecraft:sand":35,"minecraft:iron_pickaxe":2,"minecraft:gravel":1,"minecraft:golden_chestplate":1,"minecraft:cobbled_deepslate":1,"minecraft:rotten_flesh":17,"thestarvedstalker:cadasite":1,"minecraft:oak_leaves":1,"minecraft:wheat_seeds":5,"minecraft:cobblestone":89,"man:cassette_1safetyinstructions":2,"minecraft:stick":1,"anthropology_items__structures:limestone_brick":1,"minecraft:torch":8,"minecraft:wither_rose":2,"minecraft:flowering_azalea":1,"minecraft:diamond_sword":4,"minecraft:oak_sapling":3},"minecraft:killed_by":{"the_silence:the_silence_principal":5,"minecraft:creeper":1,"minecraft:pillager":1,"minecraft:ravager":6,"siren_head:siren_head":4,"minecraft:vindicator":8,"man:managgresive":3,"minecraft:cave_spider":1,"the_one_who_watches:toww_running":1,"minecraft:zombie":2,"irritator:irritator":1,"demonic_watcher:demonic_watcher":3,"minecraft:vex":8,"thestarvedstalker:the_starved_stalker_aggro":3,"minecraft:player":3,"cartoon_dweller:cartoon_dweller":9,"apollyon:the_damned":2,"minecraft:skeleton":5,"cave_dweller:cave_dweller":1},"minecraft:mined":{"minecraft:white_bed":4,"minecraft:mossy_stone_brick_slab":2,"minecraft:sculk_vein":3,"the_silence:sad_satan":2,"minecraft:jungle_leaves":157,"minecraft:brewing_stand":1,"minecraft:obsidian":6,"minecraft:cave_vines_plant":9,"minecraft:granite":4,"minecraft:acacia_log":10,"minecraft:grass_block":180,"minecraft:jungle_log":181,"minecraft:spawner":3,"thestarvedstalker:putrestone":1,"minecraft:iron_ore":158,"minecraft:cobbled_deepslate":43,"minecraft:fire":13,"minecraft:deepslate_lapis_ore":12,"minecraft:sculk_shrieker":2,"anthropology_items__structures:limestone_brick":1,"minecraft:cave_vines":15,"minecraft:dirt_path":3,"minecraft:deepslate_brick_stairs":3,"minecraft:azalea":4,"minecraft:deepslate_redstone_ore":4,"minecraft:red_bed":3,"minecraft:smoker":1,"minecraft:crimson_nylium":1,"minecraft:soul_lantern":3,"minecraft:clay":30,"minecraft:torch":34,"minecraft:melon":24,"minecraft:chest":5,"minecraft:nether_quartz_ore":8,"minecraft:cobblestone":30,"minecraft:damaged_anvil":1,"minecraft:oak_planks":32,"minecraft:wall_torch":19,"thestarvedstalker:bloodstone_ore":1,"minecraft:birch_log":19,"minecraft:stone_brick_stairs":1,"minecraft:grass":189,"minecraft:oak_log":198,"minecraft:dirt":298,"minecraft:sand":36,"minecraft:stonecutter":4,"minecraft:netherrack":38,"anthropology_items__structures:cracked_limestone_brick":2,"minecraft:oak_leaves":695,"minecraft:deepslate":258,"minecraft:crying_obsidian":3,"minecraft:tuff":13,"thestarvedstalker:cadased_soil":1,"minecraft:mossy_cobblestone":233,"minecraft:deepslate_diamond_ore":17,"minecraft:oak_door":1,"minecraft:glow_lichen":1,"minecraft:cobbled_deepslate_slab":3,"minecraft:jungle_planks":14,"minecraft:moss_block":9,"minecraft:hay_block":47,"minecraft:redstone_ore":1,"minecraft:oak_trapdoor":4,"minecraft:furnace":4,"minecraft:acacia_wood":4,"minecraft:andesite":33,"minecraft:mossy_stone_brick_stairs":1,"minecraft:bookshelf":8,"minecraft:deepslate_iron_ore":56,"minecraft:vine":110,"minecraft:rail":1,"minecraft:lantern":4,"minecraft:stripped_jungle_log":2,"minecraft:bamboo_sapling":4,"minecraft:bamboo":65,"minecraft:stone":412,"sophisticatedbackpacks:backpack":1,"minecraft:white_wool":3,"minecraft:smithing_table":1,"minecraft:podzol":4,"thestarvedstalker:hungering_soil":2,"minecraft:acacia_leaves":8,"minecraft:flowering_azalea":1,"minecraft:glass_pane":4,"minecraft:stone_brick_slab":1,"minecraft:oak_fence":5,"minecraft:crafting_table":5,"minecraft:sculk_sensor":4,"minecraft:lectern":1,"minecraft:copper_ore":42,"minecraft:tall_grass":24,"minecraft:lapis_ore":6,"minecraft:deepslate_gold_ore":13,"minecraft:sculk":23,"minecraft:blue_bed":1,"minecraft:bubble_coral":1,"minecraft:sea_pickle":1,"minecraft:birch_leaves":1,"minecraft:white_wall_banner":1,"minecraft:coal_ore":92,"minecraft:gravel":13,"minecraft:cobweb":67,"minecraft:stone_bricks":2,"minecraft:mossy_stone_bricks":1,"minecraft:gold_ore":9,"minecraft:fern":38}},"DataVersion":3120}