{"stats":{"minecraft:broken":{"minecraft:iron_boots":2,"minecraft:iron_leggings":1,"minecraft:stone_pickaxe":2,"minecraft:stone_axe":1,"minecraft:iron_sword":1,"minecraft:leather_helmet":1,"butchercraft:chicken_mask":1,"minecraft:iron_axe":1,"minecraft:iron_pickaxe":3,"minecraft:iron_helmet":1},"minecraft:killed":{"minecraft:cave_spider":1,"minecraft:spider":5,"minecraft:skeleton":12,"minecraft:chicken":4,"screaming_villager:screaming_sheep":8,"minecraft:piglin":1,"minecraft:pig":7,"minecraft:creeper":2,"minecraft:goat":1,"minecraft:zombie":21,"apollyon:the_damned":1,"minecraft:cow":4,"minecraft:drowned":1,"screaming_villager:screaming_villager":1,"minecraft:hoglin":3},"minecraft:killed_by":{"the_silence:the_silence_principal":2,"minecraft:creeper":2,"siren_head:siren_head":4,"man:managgresive":2,"irritator:irritator":1,"kim_dweller:kim_dweller":1,"demonic_watcher:demonic_watcher":1,"thestarvedstalker:the_starved_stalker_aggro":2,"minecraft:player":2,"cartoon_dweller:cartoon_dweller":6,"apollyon:the_damned":3,"screaming_villager:screaming_sheep":1,"mokey:mokey":1,"cave_dweller:cave_dweller":1},"minecraft:picked_up":{"butchercraft:blood_fluid_bottle":4,"minecraft:oak_stairs":2,"minecraft:wither_rose":1,"tombstone:grave_key":1,"minecraft:amethyst_block":3,"butchercraft:cow_carcass":1,"minecraft:string":9,"minecraft:cobbled_deepslate":105,"minecraft:calcite":4,"minecraft:azalea":1,"butchercraft:fat":14,"minecraft:melon_slice":204,"minecraft:furnace":8,"minecraft:stick":31,"minecraft:big_dripleaf":1,"minecraft:oak_fence":24,"minecraft:torch":28,"minecraft:porkchop":18,"tombstone:grave_dust":3,"minecraft:vine":2,"minecraft:golden_chestplate":1,"minecraft:rotten_flesh":25,"butchercraft:blood_fluid_bucket":3,"minecraft:cobblestone":936,"butchercraft:tripe":10,"minecraft:feather":15,"minecraft:cooked_beef":9,"minecraft:andesite":1,"minecraft:jungle_log":35,"minecraft:golden_leggings":1,"minecraft:potato":141,"butchercraft:cow_hide":6,"minecraft:tuff":24,"anthropology_items__structures:hunters_machete":3,"butchercraft:chicken_head_item":2,"minecraft:lapis_lazuli":46,"minecraft:dirt":219,"minecraft:bone":18,"minecraft:wheat_seeds":7,"minecraft:raw_gold":11,"minecraft:bamboo":299,"thestarvedstalker:hungering_soil":1,"minecraft:moss_block":5,"minecraft:oak_planks":32,"minecraft:cooked_porkchop":4,"butchercraft:beef_stewmeat":24,"minecraft:jungle_planks":26,"minecraft:sand":35,"minecraft:poisonous_potato":1,"butchercraft:heart":3,"minecraft:jungle_slab":5,"minecraft:jungle_leaves":1,"minecraft:bundle":1,"minecraft:diamond":18,"minecraft:lever":1,"minecraft:granite":2,"minecraft:grass":3,"minecraft:chainmail_helmet":1,"butchercraft:gut_knife":1,"minecraft:oak_sapling":24,"minecraft:netherrack":8,"minecraft:oak_leaves":87,"minecraft:crimson_roots":3,"minecraft:charcoal":2,"minecraft:crafting_table":5,"minecraft:chicken":6,"butchercraft:cubed_beef":9,"minecraft:chain":3,"minecraft:shield":1,"minecraft:moss_carpet":6,"minecraft:oak_trapdoor":1,"minecraft:red_bed":1,"butchercraft:beef_roast":21,"minecraft:item_frame":1,"minecraft:iron_shovel":1,"minecraft:beef":72,"butchercraft:kidney":6,"minecraft:jungle_sapling":2,"minecraft:chest":3,"minecraft:egg":2,"minecraft:raw_iron":131,"butchercraft:chicken_mask":1,"butchercraft:sinew":18,"minecraft:redstone":58,"butchercraft:lung":6,"minecraft:jungle_sign":3,"minecraft:arrow":13,"minecraft:shears":1,"butchercraft:chicken_carcass":3,"butchercraft:beef_scraps":32,"minecraft:glow_berries":2,"minecraft:white_wool":36,"minecraft:rail":1,"minecraft:stripped_oak_log":2,"minecraft:leather":5,"minecraft:oak_log":94,"minecraft:blue_bed":1,"tombstone:gift":1,"man:cassette_1safetyinstructions":1,"minecraft:apple":4,"minecraft:stone_pickaxe":1,"minecraft:iron_ingot":1,"butchercraft:liver":3,"minecraft:glass_bottle":2,"minecraft:iron_sword":1,"minecraft:flowering_azalea":2,"minecraft:warped_fungus":1,"minecraft:quartz":17,"minecraft:gravel":1,"butchercraft:oxtail":1,"minecraft:white_bed":2,"minecraft:spider_eye":1,"butchercraft:cow_head_item":2,"butchercraft:beef_ribs":6,"butchercraft:leather_scrap":14,"butchercraft:stomach":6,"minecraft:coal":134},"minecraft:dropped":{"minecraft:iron_sword":1,"minecraft:cooked_beef":6,"butchercraft:lung":2,"minecraft:crafting_table":1,"minecraft:cooked_porkchop":2,"minecraft:jungle_planks":132,"minecraft:flint":2,"butchercraft:cow_head_item":1,"minecraft:dirt":14,"minecraft:crimson_roots":2,"minecraft:chain":3,"minecraft:jungle_sapling":2,"minecraft:white_wool":26,"minecraft:bone":7,"minecraft:stone_axe":2,"minecraft:cobbled_deepslate":49,"minecraft:rotten_flesh":4,"minecraft:oak_planks":102,"minecraft:jungle_log":1,"minecraft:arrow":2,"minecraft:oak_leaves":8,"minecraft:egg":1,"minecraft:bread":2,"minecraft:vine":2,"butchercraft:fat":2,"butchercraft:sinew":5,"minecraft:wheat_seeds":5,"anthropology_items__structures:hunters_machete":4,"minecraft:feather":2,"minecraft:cobblestone":143,"minecraft:amethyst_block":3,"butchercraft:gut_knife":1,"minecraft:tropical_fish":2,"minecraft:coal":34,"minecraft:stick":4,"butchercraft:tripe":1,"tombstone:grave_key":3,"tombstone:grave_dust":3,"minecraft:wither_rose":1,"minecraft:moss_carpet":1,"minecraft:stone_sword":1,"minecraft:tuff":8,"butchercraft:chicken_carcass":3,"minecraft:raw_iron":6,"minecraft:stone_shovel":1,"minecraft:chicken":1,"minecraft:clay_ball":39,"minecraft:shears":2,"butchercraft:stomach":1,"minecraft:potato":1,"minecraft:andesite":4,"minecraft:golden_leggings":1,"minecraft:oak_sapling":2,"minecraft:bamboo":388,"butchercraft:heart":1,"minecraft:stone_pickaxe":2,"minecraft:calcite":1},"minecraft:custom":{"minecraft:interact_with_crafting_table":87,"minecraft:leave_game":29,"minecraft:time_since_death":2783,"minecraft:sprint_one_cm":937677,"minecraft:damage_blocked_by_shield":1740,"minecraft:drop":108,"minecraft:play_time":383803,"minecraft:deaths":36,"tombstone:tomb_raiding":1,"minecraft:jump":7589,"minecraft:walk_on_water_one_cm":16486,"minecraft:interact_with_furnace":147,"minecraft:sleep_in_bed":16,"tombstone:sneak_grave":1,"minecraft:damage_dealt":21539,"minecraft:player_kills":8,"minecraft:crouch_one_cm":138851,"tombstone:undead_killed":34,"minecraft:mob_kills":77,"minecraft:interact_with_anvil":2,"minecraft:climb_one_cm":67457,"minecraft:walk_one_cm":919731,"minecraft:sneak_time":34438,"minecraft:walk_under_water_one_cm":7716,"minecraft:total_world_time":383803,"minecraft:interact_with_stonecutter":4,"minecraft:time_since_rest":1024,"minecraft:damage_taken":19892,"minecraft:swim_one_cm":16170,"minecraft:fly_one_cm":1243695,"minecraft:open_chest":489,"minecraft:fall_one_cm":289535},"minecraft:mined":{"minecraft:jungle_slab":6,"minecraft:sculk_vein":1,"the_silence:sad_satan":2,"minecraft:jungle_leaves":39,"minecraft:granite":2,"minecraft:budding_amethyst":1,"minecraft:grass_block":15,"minecraft:jungle_log":37,"minecraft:spawner":2,"minecraft:iron_ore":48,"minecraft:cobbled_deepslate":6,"minecraft:moss_carpet":4,"minecraft:deepslate_lapis_ore":7,"minecraft:oak_stairs":2,"minecraft:azalea":1,"minecraft:deepslate_redstone_ore":13,"minecraft:crimson_nylium":1,"minecraft:torch":12,"minecraft:calcite":4,"minecraft:melon":40,"minecraft:chest":3,"minecraft:nether_quartz_ore":16,"minecraft:glass":1,"minecraft:cobblestone":257,"minecraft:oak_planks":50,"minecraft:wall_torch":9,"minecraft:amethyst_block":4,"minecraft:chain":5,"minecraft:grass":26,"minecraft:oak_log":101,"minecraft:dirt":12,"minecraft:netherrack":7,"minecraft:oak_leaves":146,"minecraft:deepslate":91,"minecraft:tuff":26,"minecraft:deepslate_diamond_ore":18,"minecraft:lever":1,"minecraft:jungle_planks":46,"minecraft:crimson_roots":4,"minecraft:moss_block":3,"butchercraft:cow_hide_carpet":5,"minecraft:oak_trapdoor":1,"minecraft:furnace":8,"minecraft:andesite":2,"minecraft:potatoes":52,"minecraft:deepslate_iron_ore":89,"minecraft:vine":11,"minecraft:stripped_oak_log":2,"minecraft:bamboo":19,"minecraft:stone":550,"minecraft:white_wool":26,"thestarvedstalker:hungering_soil":1,"minecraft:oak_fence":23,"minecraft:crafting_table":5,"minecraft:campfire":1,"minecraft:tall_grass":3,"minecraft:deepslate_gold_ore":11,"minecraft:coal_ore":56,"minecraft:gravel":1,"minecraft:cobweb":4,"minecraft:fern":5,"minecraft:jungle_wall_sign":3},"minecraft:crafted":{"minecraft:oak_planks":476,"minecraft:cobblestone_slab":66,"minecraft:cooked_chicken":17,"sophisticatedbackpacks:crafting_upgrade":1,"minecraft:lever":3,"minecraft:cooked_mutton":4,"minecraft:glass":17,"minecraft:iron_boots":1,"minecraft:bow":1,"minecraft:diamond_leggings":1,"minecraft:chest":36,"minecraft:stone_hoe":1,"minecraft:oak_fence":69,"sophisticatedbackpacks:backpack":1,"minecraft:cooked_porkchop":9,"minecraft:crafting_table":7,"minecraft:iron_helmet":2,"minecraft:wooden_pickaxe":1,"minecraft:baked_potato":48,"minecraft:copper_ingot":12,"sophisticatedbackpacks:upgrade_base":1,"minecraft:iron_chestplate":1,"minecraft:diamond_pickaxe":1,"minecraft:charcoal":5,"minecraft:stick":68,"minecraft:iron_ingot":83,"minecraft:iron_pickaxe":3,"minecraft:stone_sword":1,"minecraft:gold_ingot":27,"minecraft:shears":1,"minecraft:jungle_sign":3,"minecraft:wooden_sword":1,"minecraft:furnace":4,"minecraft:bone_meal":54,"minecraft:oak_trapdoor":2,"minecraft:terracotta":3,"minecraft:iron_axe":1,"minecraft:stone_pickaxe":2,"sophisticatedbackpacks:iron_backpack":1,"minecraft:cooked_beef":22,"minecraft:iron_sword":2,"sophisticatedbackpacks:gold_backpack":1,"minecraft:bucket":1,"minecraft:stone_axe":1,"minecraft:jungle_slab":12,"minecraft:air":0,"minecraft:jungle_planks":388,"minecraft:oak_fence_gate":1,"minecraft:oak_stairs":12,"minecraft:iron_leggings":1,"minecraft:torch":12,"minecraft:diamond_chestplate":1},"minecraft:used":{"minecraft:moss_block":3,"minecraft:moss_carpet":4,"minecraft:chest":39,"minecraft:shield":23,"minecraft:stone":43,"minecraft:iron_sword":255,"minecraft:rotten_flesh":6,"minecraft:jungle_planks":131,"minecraft:jungle_slab":12,"minecraft:tuff":16,"minecraft:big_dripleaf":1,"minecraft:glass":15,"minecraft:grass_block":1,"minecraft:iron_helmet":1,"minecraft:stone_bricks":3,"minecraft:item_frame":1,"minecraft:bow":8,"minecraft:furnace":9,"thestarvedstalker:hungering_soil":1,"minecraft:egg":1,"minecraft:potato":88,"minecraft:stone_pickaxe":391,"minecraft:oak_planks":302,"minecraft:wooden_pickaxe":14,"minecraft:blue_bed":1,"minecraft:oak_leaves":179,"minecraft:shears":129,"minecraft:lever":3,"minecraft:bread":18,"minecraft:melon_slice":139,"minecraft:string":1,"tombstone:grave_key":1,"minecraft:jungle_sign":6,"minecraft:wooden_sword":18,"minecraft:andesite":1,"minecraft:bone_meal":54,"minecraft:oak_fence":95,"minecraft:oak_trapdoor":3,"minecraft:jungle_leaves":1,"minecraft:stone_sword":26,"minecraft:stone_hoe":53,"minecraft:cooked_chicken":17,"minecraft:netherrack":4,"minecraft:torch":47,"minecraft:dirt":115,"butchercraft:chicken_head_item":2,"butchercraft:blood_fluid_bucket":4,"minecraft:flowering_azalea":2,"minecraft:iron_axe":263,"minecraft:oak_stairs":12,"minecraft:jungle_log":3,"minecraft:bamboo":18,"tombstone:gift":10,"minecraft:cooked_beef":25,"minecraft:cobbled_deepslate":44,"minecraft:calcite":3,"minecraft:cooked_mutton":15,"minecraft:water_bucket":43,"butchercraft:cow_hide":6,"minecraft:baked_potato":30,"minecraft:cobblestone_slab":16,"anthropology_items__structures:hunters_machete":169,"minecraft:rail":1,"minecraft:crafting_table":12,"minecraft:red_bed":1,"minecraft:white_bed":2,"minecraft:oak_log":2,"minecraft:diamond_pickaxe":78,"minecraft:apple":3,"minecraft:iron_pickaxe":753,"minecraft:stone_axe":130,"minecraft:cobblestone":848,"minecraft:cooked_porkchop":12,"minecraft:bucket":45,"butchercraft:liver":1}},"DataVersion":3120}