{"stats":{"minecraft:broken":{"minecraft:iron_boots":1,"minecraft:iron_leggings":1,"minecraft:stone_pickaxe":2,"minecraft:stone_axe":1,"minecraft:leather_helmet":1,"minecraft:iron_axe":1,"minecraft:iron_pickaxe":2,"minecraft:iron_helmet":1},"minecraft:killed":{"minecraft:cave_spider":1,"minecraft:spider":5,"minecraft:skeleton":10,"minecraft:chicken":4,"screaming_villager:screaming_sheep":1,"minecraft:pig":7,"minecraft:creeper":2,"minecraft:zombie":21,"apollyon:the_damned":1,"minecraft:cow":4,"minecraft:drowned":1},"minecraft:killed_by":{"the_silence:the_silence_principal":2,"minecraft:creeper":2,"siren_head:siren_head":4,"man:managgresive":2,"irritator:irritator":1,"kim_dweller:kim_dweller":1,"demonic_watcher:demonic_watcher":1,"thestarvedstalker:the_starved_stalker_aggro":2,"minecraft:player":2,"cartoon_dweller:cartoon_dweller":5,"apollyon:the_damned":3,"cave_dweller:cave_dweller":1},"minecraft:picked_up":{"butchercraft:blood_fluid_bottle":2,"minecraft:oak_stairs":2,"minecraft:wither_rose":1,"tombstone:grave_key":1,"minecraft:amethyst_block":3,"butchercraft:cow_carcass":1,"minecraft:string":9,"minecraft:cobbled_deepslate":73,"minecraft:calcite":4,"minecraft:azalea":1,"butchercraft:fat":9,"minecraft:melon_slice":204,"minecraft:furnace":8,"minecraft:stick":31,"minecraft:big_dripleaf":1,"minecraft:oak_fence":24,"minecraft:torch":28,"minecraft:porkchop":10,"tombstone:grave_dust":3,"minecraft:vine":2,"minecraft:golden_chestplate":1,"minecraft:rotten_flesh":25,"butchercraft:blood_fluid_bucket":3,"minecraft:cobblestone":934,"butchercraft:tripe":9,"minecraft:feather":2,"minecraft:cooked_beef":9,"minecraft:andesite":1,"minecraft:jungle_log":35,"minecraft:golden_leggings":1,"minecraft:potato":141,"butchercraft:cow_hide":2,"minecraft:tuff":10,"anthropology_items__structures:hunters_machete":3,"butchercraft:chicken_head_item":1,"minecraft:lapis_lazuli":46,"minecraft:dirt":219,"minecraft:bone":16,"minecraft:wheat_seeds":7,"minecraft:raw_gold":11,"minecraft:bamboo":276,"thestarvedstalker:hungering_soil":1,"minecraft:moss_block":5,"minecraft:oak_planks":32,"minecraft:cooked_porkchop":4,"butchercraft:beef_stewmeat":24,"minecraft:jungle_planks":26,"minecraft:sand":35,"minecraft:poisonous_potato":1,"butchercraft:heart":2,"minecraft:jungle_slab":5,"minecraft:jungle_leaves":1,"minecraft:diamond":18,"minecraft:lever":1,"minecraft:granite":2,"minecraft:grass":3,"minecraft:chainmail_helmet":1,"minecraft:oak_sapling":24,"minecraft:oak_leaves":87,"minecraft:charcoal":2,"minecraft:crafting_table":5,"minecraft:chicken":5,"butchercraft:cubed_beef":9,"minecraft:chain":3,"minecraft:moss_carpet":6,"minecraft:oak_trapdoor":1,"minecraft:red_bed":1,"butchercraft:beef_roast":21,"minecraft:item_frame":1,"minecraft:iron_shovel":1,"minecraft:beef":72,"butchercraft:kidney":4,"minecraft:jungle_sapling":2,"minecraft:chest":3,"minecraft:egg":2,"minecraft:raw_iron":108,"butchercraft:chicken_mask":1,"butchercraft:sinew":10,"minecraft:redstone":58,"butchercraft:lung":4,"minecraft:jungle_sign":3,"minecraft:arrow":11,"butchercraft:chicken_carcass":3,"butchercraft:beef_scraps":32,"minecraft:glow_berries":2,"minecraft:white_wool":26,"minecraft:rail":1,"minecraft:stripped_oak_log":2,"minecraft:leather":2,"minecraft:oak_log":94,"minecraft:blue_bed":1,"tombstone:gift":1,"man:cassette_1safetyinstructions":1,"minecraft:apple":4,"minecraft:stone_pickaxe":1,"minecraft:iron_ingot":1,"butchercraft:liver":2,"minecraft:iron_sword":1,"minecraft:flowering_azalea":2,"minecraft:gravel":1,"butchercraft:oxtail":1,"minecraft:spider_eye":1,"butchercraft:cow_head_item":2,"butchercraft:beef_ribs":6,"butchercraft:leather_scrap":14,"butchercraft:stomach":5,"minecraft:coal":134},"minecraft:dropped":{"minecraft:iron_sword":1,"minecraft:cooked_beef":6,"butchercraft:lung":2,"minecraft:crafting_table":1,"minecraft:cooked_porkchop":2,"minecraft:jungle_planks":132,"minecraft:flint":2,"butchercraft:cow_head_item":1,"minecraft:dirt":14,"minecraft:chain":3,"minecraft:jungle_sapling":2,"minecraft:white_wool":22,"minecraft:bone":5,"minecraft:stone_axe":2,"minecraft:cobbled_deepslate":49,"minecraft:rotten_flesh":4,"minecraft:oak_planks":102,"minecraft:jungle_log":1,"minecraft:arrow":2,"minecraft:oak_leaves":8,"minecraft:egg":1,"minecraft:bread":2,"minecraft:vine":2,"butchercraft:fat":2,"butchercraft:sinew":5,"minecraft:wheat_seeds":5,"anthropology_items__structures:hunters_machete":4,"minecraft:feather":2,"minecraft:cobblestone":143,"minecraft:amethyst_block":3,"minecraft:tropical_fish":2,"minecraft:coal":34,"minecraft:stick":4,"butchercraft:tripe":1,"tombstone:grave_key":3,"tombstone:grave_dust":3,"minecraft:wither_rose":1,"minecraft:moss_carpet":1,"minecraft:stone_sword":1,"minecraft:tuff":8,"butchercraft:chicken_carcass":3,"minecraft:raw_iron":6,"minecraft:stone_shovel":1,"minecraft:chicken":1,"minecraft:clay_ball":39,"minecraft:shears":1,"butchercraft:stomach":1,"minecraft:potato":1,"minecraft:andesite":4,"minecraft:golden_leggings":1,"minecraft:oak_sapling":2,"minecraft:bamboo":366,"butchercraft:heart":1,"minecraft:stone_pickaxe":2,"minecraft:calcite":1},"minecraft:custom":{"minecraft:interact_with_crafting_table":86,"minecraft:leave_game":29,"minecraft:time_since_death":1934,"minecraft:sprint_one_cm":830931,"minecraft:drop":102,"minecraft:play_time":349306,"minecraft:deaths":33,"tombstone:tomb_raiding":1,"minecraft:jump":6668,"minecraft:walk_on_water_one_cm":10766,"minecraft:interact_with_furnace":147,"minecraft:sleep_in_bed":12,"tombstone:sneak_grave":1,"minecraft:damage_dealt":16351,"minecraft:player_kills":7,"minecraft:crouch_one_cm":133770,"tombstone:undead_killed":32,"minecraft:mob_kills":60,"minecraft:interact_with_anvil":1,"minecraft:climb_one_cm":60028,"minecraft:walk_one_cm":833389,"minecraft:sneak_time":32323,"minecraft:walk_under_water_one_cm":6309,"minecraft:total_world_time":349306,"minecraft:interact_with_stonecutter":4,"minecraft:time_since_rest":709,"minecraft:damage_taken":17426,"minecraft:swim_one_cm":13505,"minecraft:fly_one_cm":1075270,"minecraft:open_chest":463,"minecraft:fall_one_cm":251743},"minecraft:mined":{"minecraft:jungle_slab":6,"minecraft:sculk_vein":1,"the_silence:sad_satan":2,"minecraft:jungle_leaves":39,"minecraft:granite":2,"minecraft:budding_amethyst":1,"minecraft:grass_block":15,"minecraft:jungle_log":37,"minecraft:spawner":2,"minecraft:iron_ore":28,"minecraft:cobbled_deepslate":5,"minecraft:moss_carpet":4,"minecraft:deepslate_lapis_ore":7,"minecraft:oak_stairs":2,"minecraft:azalea":1,"minecraft:deepslate_redstone_ore":13,"minecraft:torch":12,"minecraft:calcite":4,"minecraft:melon":40,"minecraft:chest":3,"minecraft:glass":1,"minecraft:cobblestone":257,"minecraft:oak_planks":50,"minecraft:wall_torch":9,"minecraft:amethyst_block":4,"minecraft:chain":5,"minecraft:grass":25,"minecraft:oak_log":101,"minecraft:dirt":12,"minecraft:oak_leaves":146,"minecraft:deepslate":59,"minecraft:tuff":9,"minecraft:deepslate_diamond_ore":18,"minecraft:lever":1,"minecraft:jungle_planks":46,"minecraft:moss_block":3,"butchercraft:cow_hide_carpet":1,"minecraft:oak_trapdoor":1,"minecraft:furnace":8,"minecraft:andesite":2,"minecraft:potatoes":52,"minecraft:deepslate_iron_ore":86,"minecraft:vine":11,"minecraft:stripped_oak_log":2,"minecraft:bamboo":18,"minecraft:stone":548,"minecraft:white_wool":26,"thestarvedstalker:hungering_soil":1,"minecraft:oak_fence":23,"minecraft:crafting_table":5,"minecraft:campfire":1,"minecraft:tall_grass":3,"minecraft:deepslate_gold_ore":11,"minecraft:coal_ore":56,"minecraft:gravel":1,"minecraft:cobweb":4,"minecraft:fern":5,"minecraft:jungle_wall_sign":3},"minecraft:crafted":{"minecraft:oak_planks":476,"minecraft:cobblestone_slab":66,"minecraft:cooked_chicken":17,"sophisticatedbackpacks:crafting_upgrade":1,"minecraft:lever":3,"minecraft:cooked_mutton":4,"minecraft:glass":17,"minecraft:iron_boots":1,"minecraft:bow":1,"minecraft:diamond_leggings":1,"minecraft:chest":36,"minecraft:stone_hoe":1,"minecraft:oak_fence":69,"sophisticatedbackpacks:backpack":1,"minecraft:cooked_porkchop":9,"minecraft:crafting_table":7,"minecraft:iron_helmet":1,"minecraft:wooden_pickaxe":1,"minecraft:baked_potato":48,"minecraft:copper_ingot":12,"sophisticatedbackpacks:upgrade_base":1,"minecraft:iron_chestplate":1,"minecraft:diamond_pickaxe":1,"minecraft:charcoal":5,"minecraft:stick":68,"minecraft:iron_ingot":74,"minecraft:iron_pickaxe":3,"minecraft:stone_sword":1,"minecraft:gold_ingot":27,"minecraft:shears":1,"minecraft:jungle_sign":3,"minecraft:wooden_sword":1,"minecraft:furnace":4,"minecraft:bone_meal":54,"minecraft:oak_trapdoor":2,"minecraft:terracotta":3,"minecraft:iron_axe":1,"minecraft:stone_pickaxe":2,"sophisticatedbackpacks:iron_backpack":1,"minecraft:cooked_beef":22,"minecraft:iron_sword":1,"sophisticatedbackpacks:gold_backpack":1,"minecraft:bucket":1,"minecraft:stone_axe":1,"minecraft:jungle_slab":12,"minecraft:air":0,"minecraft:jungle_planks":388,"minecraft:oak_fence_gate":1,"minecraft:oak_stairs":12,"minecraft:iron_leggings":1,"minecraft:torch":12,"minecraft:diamond_chestplate":1},"minecraft:used":{"minecraft:moss_block":3,"minecraft:moss_carpet":4,"minecraft:chest":39,"minecraft:stone":43,"minecraft:iron_sword":158,"minecraft:rotten_flesh":6,"minecraft:jungle_planks":131,"minecraft:jungle_slab":12,"minecraft:tuff":2,"minecraft:big_dripleaf":1,"minecraft:glass":15,"minecraft:grass_block":1,"minecraft:iron_helmet":1,"minecraft:item_frame":1,"minecraft:bow":8,"minecraft:furnace":9,"thestarvedstalker:hungering_soil":1,"minecraft:egg":1,"minecraft:potato":88,"minecraft:stone_pickaxe":391,"minecraft:oak_planks":302,"minecraft:wooden_pickaxe":14,"minecraft:blue_bed":1,"minecraft:oak_leaves":179,"minecraft:shears":129,"minecraft:lever":3,"minecraft:bread":14,"minecraft:melon_slice":139,"minecraft:string":1,"tombstone:grave_key":1,"minecraft:jungle_sign":6,"minecraft:wooden_sword":18,"minecraft:andesite":1,"minecraft:bone_meal":54,"minecraft:oak_fence":95,"minecraft:oak_trapdoor":3,"minecraft:jungle_leaves":1,"minecraft:stone_sword":26,"minecraft:stone_hoe":53,"minecraft:cooked_chicken":17,"minecraft:torch":35,"minecraft:dirt":115,"butchercraft:chicken_head_item":1,"butchercraft:blood_fluid_bucket":3,"minecraft:flowering_azalea":2,"minecraft:iron_axe":263,"minecraft:oak_stairs":12,"minecraft:jungle_log":3,"minecraft:bamboo":17,"tombstone:gift":10,"minecraft:cooked_beef":25,"minecraft:cobbled_deepslate":44,"minecraft:calcite":3,"minecraft:cooked_mutton":15,"minecraft:water_bucket":28,"butchercraft:cow_hide":2,"minecraft:cobblestone_slab":16,"anthropology_items__structures:hunters_machete":169,"minecraft:rail":1,"minecraft:crafting_table":12,"minecraft:red_bed":1,"minecraft:oak_log":2,"minecraft:apple":3,"minecraft:iron_pickaxe":731,"minecraft:stone_axe":130,"minecraft:cobblestone":848,"minecraft:cooked_porkchop":12,"minecraft:bucket":29,"butchercraft:liver":1}},"DataVersion":3120}