{"stats":{"minecraft:used":{"minecraft:moss_block":3,"minecraft:moss_carpet":5,"minecraft:writable_book":2,"minecraft:chest":39,"minecraft:shield":51,"minecraft:stone":43,"minecraft:iron_sword":324,"minecraft:rotten_flesh":6,"minecraft:jungle_planks":152,"minecraft:jungle_slab":12,"minecraft:tuff":16,"minecraft:big_dripleaf":1,"minecraft:glass":104,"minecraft:lava_bucket":4,"minecraft:grass_block":1,"minecraft:iron_helmet":1,"minecraft:stone_bricks":3,"minecraft:item_frame":1,"minecraft:bow":14,"minecraft:furnace":9,"minecraft:egg":1,"minecraft:potato":124,"minecraft:oak_planks":304,"minecraft:stone_pickaxe":391,"minecraft:wooden_pickaxe":14,"minecraft:blue_bed":1,"minecraft:oak_leaves":179,"minecraft:shears":129,"minecraft:lever":3,"minecraft:melon_slice":139,"minecraft:string":1,"minecraft:bread":25,"tombstone:grave_key":5,"minecraft:jungle_sign":6,"minecraft:diamond_sword":39,"minecraft:wooden_sword":18,"minecraft:andesite":1,"minecraft:bone_meal":54,"minecraft:oak_fence":95,"minecraft:oak_trapdoor":9,"minecraft:jungle_leaves":1,"minecraft:stone_sword":26,"minecraft:enchanting_table":1,"minecraft:stone_shovel":131,"minecraft:cooked_chicken":17,"minecraft:stone_hoe":53,"minecraft:netherrack":4,"minecraft:torch":51,"minecraft:dirt":115,"cgm:workbench":1,"cgm:rifle":63,"butchercraft:chicken_head_item":2,"butchercraft:blood_fluid_bucket":4,"minecraft:flowering_azalea":2,"minecraft:iron_axe":420,"minecraft:oak_stairs":12,"minecraft:jungle_log":19,"minecraft:iron_boots":1,"minecraft:bamboo":18,"tombstone:gift":10,"minecraft:cooked_beef":25,"minecraft:cobbled_deepslate":44,"minecraft:calcite":3,"minecraft:cooked_mutton":15,"minecraft:water_bucket":67,"butchercraft:cow_hide":6,"minecraft:baked_potato":70,"minecraft:cobblestone_slab":16,"anthropology_items__structures:hunters_machete":169,"minecraft:rail":1,"minecraft:crafting_table":13,"minecraft:red_bed":1,"minecraft:white_bed":2,"minecraft:oak_log":2,"minecraft:diamond_pickaxe":354,"minecraft:apple":3,"minecraft:stripped_jungle_log":15,"minecraft:iron_pickaxe":753,"minecraft:stone_axe":130,"minecraft:cobblestone":899,"minecraft:cooked_porkchop":12,"minecraft:bucket":72,"butchercraft:liver":1},"minecraft:picked_up":{"butchercraft:blood_fluid_bottle":4,"minecraft:diamond_sword":1,"minecraft:oak_stairs":2,"minecraft:wither_rose":1,"tombstone:grave_key":1,"minecraft:amethyst_block":3,"butchercraft:cow_carcass":1,"minecraft:string":9,"minecraft:raw_copper":15,"minecraft:cobbled_deepslate":105,"minecraft:bucket":3,"minecraft:calcite":4,"minecraft:azalea":1,"butchercraft:fat":14,"minecraft:melon_slice":204,"cgm:advanced_bullet":86,"minecraft:furnace":8,"minecraft:stick":38,"minecraft:big_dripleaf":1,"minecraft:oak_fence":24,"minecraft:torch":29,"minecraft:porkchop":18,"tombstone:grave_dust":3,"minecraft:diorite":2,"minecraft:vine":2,"minecraft:golden_chestplate":1,"minecraft:rotten_flesh":29,"minecraft:tropical_fish":2,"butchercraft:blood_fluid_bucket":3,"minecraft:deepslate_brick_stairs":4,"minecraft:obsidian":4,"minecraft:iron_bars":4,"minecraft:cobblestone":1097,"minecraft:enchanting_table":1,"minecraft:magma_block":1,"butchercraft:tripe":10,"minecraft:feather":15,"minecraft:cooked_beef":9,"minecraft:andesite":2,"minecraft:water_bucket":1,"minecraft:jungle_log":68,"minecraft:golden_leggings":1,"minecraft:potato":260,"butchercraft:cow_hide":6,"minecraft:tuff":24,"anthropology_items__structures:hunters_machete":3,"butchercraft:chicken_head_item":2,"minecraft:lapis_lazuli":46,"minecraft:dirt":220,"minecraft:bone":21,"minecraft:bow":1,"minecraft:wheat_seeds":8,"minecraft:raw_gold":11,"minecraft:bamboo":299,"minecraft:moss_block":6,"minecraft:oak_planks":32,"minecraft:cooked_porkchop":4,"cgm:rifle":1,"butchercraft:beef_stewmeat":24,"minecraft:poisonous_potato":1,"minecraft:sand":160,"butchercraft:heart":3,"minecraft:jungle_planks":26,"minecraft:jungle_slab":5,"minecraft:jungle_leaves":1,"minecraft:bundle":1,"minecraft:diamond":18,"minecraft:lever":1,"minecraft:granite":2,"minecraft:grass":3,"minecraft:chainmail_helmet":1,"butchercraft:gut_knife":1,"minecraft:oak_sapling":30,"minecraft:netherrack":8,"minecraft:oak_leaves":104,"minecraft:crimson_roots":3,"minecraft:charcoal":2,"minecraft:crafting_table":5,"minecraft:chicken":6,"butchercraft:cubed_beef":9,"minecraft:chain":3,"minecraft:shield":1,"minecraft:moss_carpet":11,"minecraft:oak_trapdoor":5,"minecraft:red_bed":1,"minecraft:iron_axe":1,"cgm:shotgun":2,"minecraft:item_frame":1,"butchercraft:beef_roast":21,"minecraft:iron_shovel":1,"minecraft:beef":72,"butchercraft:kidney":6,"minecraft:jungle_sapling":2,"minecraft:chest":3,"minecraft:sugar_cane":28,"minecraft:egg":2,"minecraft:raw_iron":145,"minecraft:sandstone":1,"butchercraft:chicken_mask":1,"butchercraft:sinew":18,"minecraft:redstone":58,"butchercraft:lung":6,"minecraft:jungle_sign":3,"minecraft:arrow":19,"minecraft:shears":1,"butchercraft:chicken_carcass":3,"butchercraft:beef_scraps":32,"minecraft:glow_berries":2,"minecraft:rail":1,"minecraft:white_wool":37,"minecraft:stripped_oak_log":2,"minecraft:leather":5,"minecraft:oak_log":121,"minecraft:blue_bed":1,"tombstone:gift":1,"man:cassette_1safetyinstructions":1,"minecraft:apple":5,"minecraft:iron_ingot":1,"minecraft:stone_pickaxe":1,"butchercraft:liver":3,"minecraft:glass_bottle":2,"minecraft:flowering_azalea":2,"minecraft:iron_sword":1,"minecraft:warped_fungus":1,"minecraft:quartz":17,"minecraft:gravel":1,"butchercraft:oxtail":1,"minecraft:white_bed":2,"minecraft:spider_eye":1,"butchercraft:cow_head_item":2,"butchercraft:beef_ribs":6,"minecraft:stripped_jungle_log":46,"butchercraft:leather_scrap":14,"butchercraft:stomach":6,"minecraft:coal":191,"minecraft:ender_pearl":1},"minecraft:killed":{"minecraft:cave_spider":1,"minecraft:spider":6,"minecraft:skeleton":16,"minecraft:chicken":4,"screaming_villager:screaming_sheep":10,"minecraft:piglin":1,"minecraft:pig":8,"minecraft:creeper":2,"minecraft:goat":2,"minecraft:zombie":27,"apollyon:the_damned":1,"minecraft:cow":5,"the_knocker:knockerstalk":1,"minecraft:drowned":3,"screaming_villager:screaming_villager":1,"minecraft:hoglin":3},"minecraft:dropped":{"minecraft:iron_sword":1,"minecraft:moss_block":1,"minecraft:cooked_beef":6,"minecraft:baked_potato":26,"butchercraft:lung":2,"minecraft:crafting_table":1,"minecraft:cooked_porkchop":2,"minecraft:jungle_planks":178,"minecraft:flint":2,"butchercraft:cow_head_item":1,"minecraft:dirt":14,"minecraft:crimson_roots":2,"minecraft:chain":3,"minecraft:jungle_sapling":2,"minecraft:white_wool":26,"minecraft:bone":7,"minecraft:stone_axe":2,"minecraft:sugar_cane":25,"minecraft:iron_nugget":180,"cgm:shotgun":2,"minecraft:cobbled_deepslate":49,"minecraft:rotten_flesh":4,"minecraft:oak_planks":102,"minecraft:gunpowder":11,"minecraft:jungle_log":18,"minecraft:arrow":2,"minecraft:oak_leaves":8,"minecraft:egg":1,"minecraft:bread":2,"minecraft:vine":2,"butchercraft:fat":2,"butchercraft:sinew":5,"minecraft:wheat_seeds":5,"anthropology_items__structures:hunters_machete":4,"minecraft:feather":2,"minecraft:cobblestone":143,"minecraft:amethyst_block":3,"butchercraft:gut_knife":1,"minecraft:copper_ingot":2,"minecraft:tropical_fish":2,"minecraft:coal":34,"minecraft:stick":4,"butchercraft:tripe":1,"minecraft:torch":1,"tombstone:grave_key":3,"tombstone:grave_dust":3,"minecraft:wither_rose":1,"minecraft:bucket":5,"minecraft:moss_carpet":5,"cgm:advanced_bullet":32,"minecraft:stone_sword":1,"minecraft:tuff":8,"butchercraft:chicken_carcass":3,"minecraft:raw_iron":6,"minecraft:stone_shovel":1,"minecraft:chicken":1,"minecraft:clay_ball":39,"minecraft:shears":2,"minecraft:diamond_sword":1,"butchercraft:stomach":1,"minecraft:potato":1,"minecraft:andesite":4,"minecraft:golden_leggings":1,"minecraft:oak_sapling":7,"minecraft:bamboo":388,"butchercraft:heart":1,"minecraft:sandstone":1,"minecraft:stone_pickaxe":2,"minecraft:calcite":1},"minecraft:broken":{"minecraft:iron_boots":2,"minecraft:iron_leggings":1,"minecraft:stone_pickaxe":2,"minecraft:stone_axe":1,"minecraft:iron_sword":1,"minecraft:stone_shovel":1,"minecraft:leather_helmet":1,"butchercraft:chicken_mask":1,"minecraft:shield":1,"minecraft:iron_axe":1,"minecraft:iron_pickaxe":3,"minecraft:iron_helmet":2},"minecraft:killed_by":{"the_silence:the_silence_principal":2,"sackman:sackman":1,"minecraft:creeper":3,"siren_head:siren_head":4,"man:managgresive":3,"irritator:irritator":1,"kim_dweller:kim_dweller":3,"demonic_watcher:demonic_watcher":1,"minecraft:player":2,"jacky:jacky":2,"cartoon_dweller:cartoon_dweller":7,"apollyon:the_damned":3,"screaming_villager:screaming_sheep":4,"mokey:mokey":2,"cave_dweller:cave_dweller":1},"minecraft:custom":{"minecraft:interact_with_crafting_table":100,"minecraft:open_barrel":9,"minecraft:leave_game":37,"minecraft:time_since_death":19715,"minecraft:sprint_one_cm":1197442,"minecraft:damage_blocked_by_shield":2520,"minecraft:drop":178,"minecraft:play_time":495362,"minecraft:deaths":51,"tombstone:tomb_raiding":1,"minecraft:jump":9901,"minecraft:walk_on_water_one_cm":49824,"minecraft:interact_with_furnace":220,"minecraft:sleep_in_bed":19,"tombstone:sneak_grave":1,"minecraft:damage_dealt":28124,"minecraft:player_kills":10,"minecraft:crouch_one_cm":160404,"tombstone:undead_killed":46,"minecraft:interact_with_smoker":8,"minecraft:interact_with_anvil":2,"minecraft:mob_kills":98,"minecraft:climb_one_cm":84148,"minecraft:walk_one_cm":1142078,"minecraft:sneak_time":42644,"minecraft:walk_under_water_one_cm":17783,"minecraft:total_world_time":495362,"minecraft:interact_with_stonecutter":4,"minecraft:time_since_rest":19484,"minecraft:damage_taken":25701,"minecraft:swim_one_cm":112018,"minecraft:fly_one_cm":1641433,"minecraft:open_chest":586,"minecraft:fall_one_cm":363771},"minecraft:mined":{"minecraft:white_bed":1,"minecraft:jungle_slab":6,"minecraft:sculk_vein":1,"the_silence:sad_satan":2,"minecraft:jungle_leaves":40,"minecraft:obsidian":4,"minecraft:granite":2,"minecraft:budding_amethyst":1,"minecraft:grass_block":15,"minecraft:jungle_log":73,"minecraft:spawner":2,"minecraft:magma_block":1,"minecraft:iron_ore":52,"minecraft:cobbled_deepslate":6,"minecraft:moss_carpet":4,"minecraft:deepslate_lapis_ore":7,"minecraft:enchanting_table":1,"minecraft:oak_sign":1,"minecraft:oak_stairs":2,"minecraft:iron_bars":4,"minecraft:deepslate_brick_stairs":6,"minecraft:azalea":1,"minecraft:deepslate_redstone_ore":13,"minecraft:crimson_nylium":1,"minecraft:torch":13,"minecraft:calcite":4,"minecraft:melon":40,"minecraft:chest":3,"minecraft:dead_bush":1,"minecraft:glass":3,"minecraft:nether_quartz_ore":16,"minecraft:cobblestone":321,"minecraft:sugar_cane":14,"minecraft:oak_planks":54,"minecraft:wall_torch":9,"minecraft:amethyst_block":4,"minecraft:chain":5,"minecraft:grass":27,"minecraft:oak_log":132,"minecraft:sand":132,"minecraft:dirt":13,"minecraft:netherrack":7,"minecraft:oak_leaves":148,"minecraft:deepslate":92,"minecraft:tuff":26,"minecraft:deepslate_diamond_ore":18,"minecraft:lever":1,"minecraft:jungle_planks":46,"minecraft:crimson_roots":4,"minecraft:moss_block":3,"butchercraft:cow_hide_carpet":5,"minecraft:sandstone":7,"minecraft:oak_trapdoor":5,"minecraft:furnace":8,"minecraft:andesite":3,"minecraft:potatoes":88,"minecraft:deepslate_iron_ore":100,"minecraft:vine":16,"minecraft:stripped_jungle_log":56,"minecraft:stripped_oak_log":2,"minecraft:bamboo":19,"minecraft:stone":652,"minecraft:white_wool":26,"thestarvedstalker:hungering_soil":1,"minecraft:oak_fence":23,"minecraft:crafting_table":5,"minecraft:campfire":1,"minecraft:tall_grass":4,"minecraft:copper_ore":4,"minecraft:deepslate_gold_ore":11,"minecraft:diorite":3,"minecraft:blue_bed":1,"minecraft:coal_ore":115,"minecraft:gravel":1,"minecraft:cobweb":4,"minecraft:fern":5,"minecraft:jungle_wall_sign":3},"minecraft:crafted":{"minecraft:oak_planks":584,"minecraft:cobblestone_slab":66,"minecraft:cooked_chicken":17,"minecraft:lever":3,"sophisticatedbackpacks:crafting_upgrade":1,"minecraft:cooked_mutton":4,"minecraft:glass":106,"minecraft:bow":1,"minecraft:diamond_leggings":1,"minecraft:iron_boots":2,"tombstone:grave_key":1,"minecraft:chest":36,"minecraft:stone_hoe":1,"minecraft:oak_fence":69,"sophisticatedbackpacks:backpack":1,"minecraft:cooked_porkchop":9,"minecraft:crafting_table":8,"minecraft:iron_helmet":2,"minecraft:wooden_pickaxe":1,"minecraft:baked_potato":131,"minecraft:copper_ingot":12,"sophisticatedbackpacks:upgrade_base":1,"minecraft:iron_chestplate":1,"minecraft:book":1,"minecraft:paper":3,"minecraft:diamond_pickaxe":1,"minecraft:charcoal":5,"minecraft:stick":68,"minecraft:iron_ingot":102,"minecraft:iron_pickaxe":3,"minecraft:stone_sword":1,"minecraft:gold_ingot":27,"minecraft:shears":1,"minecraft:jungle_sign":3,"minecraft:wooden_sword":1,"minecraft:stone_shovel":1,"minecraft:iron_nugget":180,"minecraft:furnace":4,"minecraft:bone_meal":54,"minecraft:oak_trapdoor":4,"minecraft:terracotta":3,"minecraft:iron_axe":1,"minecraft:stone_pickaxe":2,"cgm:workbench":1,"sophisticatedbackpacks:iron_backpack":1,"minecraft:cooked_beef":22,"minecraft:diamond_sword":1,"minecraft:enchanting_table":1,"minecraft:iron_sword":2,"sophisticatedbackpacks:gold_backpack":1,"minecraft:bucket":1,"minecraft:stone_axe":1,"minecraft:jungle_slab":12,"minecraft:air":0,"minecraft:jungle_planks":512,"minecraft:oak_fence_gate":1,"minecraft:oak_stairs":12,"minecraft:iron_leggings":1,"minecraft:torch":12,"minecraft:diamond_chestplate":1}},"DataVersion":3120}