{"stats":{"minecraft:killed_by":{"thestarvedstalker:the_starved_stalker_aggro":2,"the_silence:the_silence_principal":2,"minecraft:player":2,"minecraft:creeper":2,"cartoon_dweller:cartoon_dweller":5,"siren_head:siren_head":4,"man:managgresive":1,"apollyon:the_damned":3,"cave_dweller:cave_dweller":1,"irritator:irritator":1,"demonic_watcher:demonic_watcher":1},"minecraft:picked_up":{"minecraft:charcoal":2,"minecraft:crafting_table":5,"minecraft:chicken":4,"minecraft:oak_stairs":2,"minecraft:wither_rose":1,"tombstone:grave_key":1,"minecraft:chain":3,"minecraft:amethyst_block":3,"minecraft:moss_carpet":4,"minecraft:string":9,"minecraft:oak_trapdoor":1,"minecraft:red_bed":1,"minecraft:item_frame":1,"minecraft:iron_shovel":1,"minecraft:cobbled_deepslate":73,"minecraft:beef":8,"minecraft:jungle_sapling":2,"minecraft:calcite":4,"minecraft:azalea":1,"minecraft:melon_slice":204,"minecraft:chest":3,"minecraft:furnace":8,"minecraft:egg":2,"minecraft:stick":31,"minecraft:raw_iron":108,"minecraft:big_dripleaf":1,"minecraft:oak_fence":24,"minecraft:torch":26,"minecraft:porkchop":10,"tombstone:grave_dust":3,"minecraft:vine":2,"minecraft:redstone":58,"minecraft:golden_chestplate":1,"minecraft:jungle_sign":3,"minecraft:arrow":11,"minecraft:rotten_flesh":25,"minecraft:glow_berries":2,"minecraft:rail":1,"minecraft:white_wool":25,"minecraft:cobblestone":897,"minecraft:stripped_oak_log":2,"minecraft:feather":2,"minecraft:cooked_beef":9,"minecraft:andesite":1,"minecraft:jungle_log":33,"minecraft:leather":2,"minecraft:golden_leggings":1,"minecraft:potato":57,"minecraft:tuff":10,"anthropology_items__structures:hunters_machete":3,"minecraft:oak_log":94,"minecraft:lapis_lazuli":46,"minecraft:dirt":219,"minecraft:blue_bed":1,"tombstone:gift":1,"man:cassette_1safetyinstructions":1,"minecraft:bone":16,"minecraft:apple":4,"minecraft:wheat_seeds":6,"minecraft:raw_gold":11,"minecraft:iron_ingot":1,"minecraft:stone_pickaxe":1,"minecraft:bamboo":265,"minecraft:moss_block":5,"thestarvedstalker:hungering_soil":1,"minecraft:flowering_azalea":2,"minecraft:oak_planks":32,"minecraft:cooked_porkchop":4,"minecraft:gravel":1,"minecraft:sand":35,"minecraft:jungle_planks":26,"minecraft:jungle_slab":5,"minecraft:spider_eye":1,"minecraft:jungle_leaves":1,"minecraft:diamond":18,"minecraft:lever":1,"minecraft:granite":2,"minecraft:grass":3,"minecraft:chainmail_helmet":1,"minecraft:oak_sapling":24,"minecraft:oak_leaves":87,"minecraft:coal":134},"minecraft:killed":{"minecraft:cave_spider":1,"minecraft:spider":5,"minecraft:skeleton":10,"minecraft:chicken":4,"minecraft:drowned":1,"minecraft:pig":7,"minecraft:creeper":2,"minecraft:zombie":20,"apollyon:the_damned":1,"minecraft:cow":4},"minecraft:broken":{"minecraft:leather_helmet":1,"minecraft:iron_boots":1,"minecraft:stone_pickaxe":2,"minecraft:iron_axe":1,"minecraft:stone_axe":1,"minecraft:iron_pickaxe":2,"minecraft:iron_helmet":1},"minecraft:crafted":{"minecraft:wooden_sword":1,"minecraft:oak_planks":476,"minecraft:cobblestone_slab":66,"minecraft:cooked_chicken":17,"minecraft:furnace":4,"sophisticatedbackpacks:crafting_upgrade":1,"minecraft:bone_meal":54,"minecraft:lever":3,"minecraft:cooked_mutton":4,"minecraft:oak_trapdoor":2,"minecraft:glass":17,"minecraft:bow":1,"minecraft:iron_boots":1,"minecraft:iron_axe":1,"minecraft:stone_pickaxe":2,"minecraft:chest":36,"minecraft:stone_hoe":1,"minecraft:oak_fence":69,"sophisticatedbackpacks:iron_backpack":1,"minecraft:cooked_beef":22,"sophisticatedbackpacks:backpack":1,"minecraft:cooked_porkchop":9,"minecraft:crafting_table":7,"minecraft:iron_helmet":1,"minecraft:wooden_pickaxe":1,"minecraft:iron_sword":1,"minecraft:copper_ingot":12,"sophisticatedbackpacks:gold_backpack":1,"minecraft:bucket":1,"minecraft:stone_axe":1,"sophisticatedbackpacks:upgrade_base":1,"minecraft:jungle_slab":12,"minecraft:air":0,"minecraft:jungle_planks":384,"minecraft:oak_fence_gate":1,"minecraft:iron_chestplate":1,"minecraft:charcoal":5,"minecraft:stick":64,"minecraft:iron_ingot":74,"minecraft:iron_pickaxe":3,"minecraft:oak_stairs":12,"minecraft:stone_sword":1,"minecraft:iron_leggings":1,"minecraft:gold_ingot":27,"minecraft:torch":12,"minecraft:shears":1,"minecraft:jungle_sign":3},"minecraft:used":{"minecraft:oak_fence":95,"minecraft:oak_trapdoor":3,"minecraft:moss_block":3,"minecraft:moss_carpet":2,"minecraft:jungle_leaves":1,"minecraft:stone_sword":26,"minecraft:chest":39,"minecraft:iron_sword":127,"minecraft:cooked_chicken":3,"minecraft:rotten_flesh":6,"minecraft:stone_hoe":53,"minecraft:torch":35,"minecraft:dirt":115,"minecraft:jungle_planks":131,"minecraft:jungle_slab":12,"minecraft:tuff":2,"minecraft:big_dripleaf":1,"minecraft:glass":15,"minecraft:flowering_azalea":2,"minecraft:iron_axe":263,"minecraft:grass_block":1,"minecraft:oak_stairs":12,"minecraft:jungle_log":2,"minecraft:iron_helmet":1,"minecraft:item_frame":1,"minecraft:bamboo":13,"minecraft:bow":1,"minecraft:furnace":9,"tombstone:gift":10,"thestarvedstalker:hungering_soil":1,"minecraft:egg":1,"minecraft:potato":52,"minecraft:cooked_beef":25,"minecraft:cobbled_deepslate":44,"minecraft:calcite":3,"minecraft:cooked_mutton":14,"minecraft:water_bucket":19,"minecraft:stone_pickaxe":391,"minecraft:oak_planks":302,"minecraft:wooden_pickaxe":14,"minecraft:blue_bed":1,"minecraft:cobblestone_slab":16,"minecraft:oak_leaves":150,"anthropology_items__structures:hunters_machete":169,"minecraft:rail":1,"minecraft:crafting_table":12,"minecraft:red_bed":1,"minecraft:shears":129,"minecraft:oak_log":2,"minecraft:lever":3,"minecraft:apple":3,"minecraft:iron_pickaxe":693,"minecraft:melon_slice":139,"minecraft:string":1,"tombstone:grave_key":1,"minecraft:stone_axe":130,"minecraft:jungle_sign":6,"minecraft:wooden_sword":18,"minecraft:cobblestone":811,"minecraft:cooked_porkchop":12,"minecraft:bucket":19,"minecraft:andesite":1,"minecraft:bone_meal":39},"minecraft:mined":{"minecraft:tuff":9,"minecraft:deepslate_diamond_ore":18,"minecraft:jungle_slab":6,"minecraft:sculk_vein":1,"the_silence:sad_satan":2,"minecraft:jungle_leaves":39,"minecraft:budding_amethyst":1,"minecraft:lever":1,"minecraft:granite":2,"minecraft:grass_block":15,"minecraft:jungle_planks":46,"minecraft:jungle_log":35,"minecraft:moss_block":3,"minecraft:spawner":2,"minecraft:oak_trapdoor":1,"minecraft:furnace":8,"minecraft:iron_ore":28,"minecraft:cobbled_deepslate":5,"minecraft:andesite":2,"minecraft:moss_carpet":2,"minecraft:deepslate_lapis_ore":7,"minecraft:potatoes":16,"minecraft:deepslate_iron_ore":86,"minecraft:vine":11,"minecraft:oak_stairs":2,"minecraft:stripped_oak_log":2,"minecraft:azalea":1,"minecraft:bamboo":13,"minecraft:stone":510,"minecraft:white_wool":26,"minecraft:deepslate_redstone_ore":13,"thestarvedstalker:hungering_soil":1,"minecraft:oak_fence":23,"minecraft:crafting_table":5,"minecraft:torch":12,"minecraft:calcite":4,"minecraft:melon":40,"minecraft:chest":3,"minecraft:campfire":1,"minecraft:tall_grass":3,"minecraft:glass":1,"minecraft:cobblestone":257,"minecraft:deepslate_gold_ore":11,"minecraft:oak_planks":50,"minecraft:amethyst_block":4,"minecraft:wall_torch":9,"minecraft:chain":5,"minecraft:grass":24,"minecraft:oak_log":100,"minecraft:coal_ore":56,"minecraft:gravel":1,"minecraft:dirt":12,"minecraft:cobweb":4,"minecraft:jungle_wall_sign":3,"minecraft:deepslate":59,"minecraft:oak_leaves":145,"minecraft:fern":5},"minecraft:custom":{"minecraft:mob_kills":58,"minecraft:interact_with_crafting_table":81,"minecraft:leave_game":20,"minecraft:time_since_death":777,"minecraft:climb_one_cm":45801,"minecraft:sprint_one_cm":675259,"minecraft:walk_one_cm":686800,"minecraft:drop":82,"minecraft:play_time":286897,"minecraft:sneak_time":30262,"minecraft:deaths":30,"minecraft:walk_under_water_one_cm":5496,"tombstone:tomb_raiding":1,"minecraft:jump":5561,"minecraft:walk_on_water_one_cm":9867,"minecraft:total_world_time":286897,"minecraft:interact_with_furnace":136,"minecraft:interact_with_stonecutter":1,"minecraft:sleep_in_bed":8,"minecraft:time_since_rest":459,"minecraft:damage_taken":15364,"tombstone:sneak_grave":1,"minecraft:damage_dealt":15193,"minecraft:player_kills":6,"minecraft:swim_one_cm":12882,"minecraft:fly_one_cm":873761,"minecraft:open_chest":285,"minecraft:crouch_one_cm":125055,"tombstone:undead_killed":31,"minecraft:fall_one_cm":220294},"minecraft:dropped":{"minecraft:bread":2,"minecraft:vine":2,"minecraft:wheat_seeds":5,"minecraft:cooked_beef":6,"minecraft:crafting_table":1,"anthropology_items__structures:hunters_machete":4,"minecraft:cooked_porkchop":2,"minecraft:feather":2,"minecraft:cobblestone":141,"minecraft:amethyst_block":3,"minecraft:jungle_planks":128,"minecraft:tropical_fish":2,"minecraft:coal":34,"minecraft:flint":2,"minecraft:stick":4,"minecraft:dirt":3,"tombstone:grave_key":3,"tombstone:grave_dust":3,"minecraft:jungle_sapling":2,"minecraft:wither_rose":1,"minecraft:white_wool":22,"minecraft:bone":5,"minecraft:stone_axe":2,"minecraft:stone_sword":1,"minecraft:cobbled_deepslate":49,"minecraft:tuff":8,"minecraft:stone_shovel":1,"minecraft:raw_iron":6,"minecraft:rotten_flesh":4,"minecraft:clay_ball":39,"minecraft:oak_planks":102,"minecraft:shears":1,"minecraft:potato":1,"minecraft:andesite":4,"minecraft:golden_leggings":1,"minecraft:jungle_log":1,"minecraft:oak_sapling":2,"minecraft:bamboo":359,"minecraft:arrow":2,"minecraft:stone_pickaxe":2,"minecraft:calcite":1,"minecraft:oak_leaves":2,"minecraft:egg":1}},"DataVersion":3120}