{"stats":{"minecraft:killed_by":{"thestarvedstalker:the_starved_stalker_aggro":2,"man:managgresive":1,"apollyon:the_damned":1,"minecraft:player":4,"minecraft:skeleton":1,"minecraft:creeper":2,"minecraft:zombie":2,"demonic_watcher:demonic_watcher":1,"cartoon_dweller:cartoon_dweller":2,"siren_head:siren_head":2},"minecraft:picked_up":{"minecraft:glow_ink_sac":14,"minecraft:iron_chestplate":1,"minecraft:crafting_table":4,"minecraft:clay_ball":78,"minecraft:andesite":12,"minecraft:jungle_log":48,"minecraft:wither_rose":1,"minecraft:flint":4,"anthropology_items__structures:hunters_machete":2,"minecraft:stone_brick_stairs":1,"minecraft:oak_log":46,"tombstone:grave_key":1,"minecraft:shield":1,"minecraft:red_bed":1,"minecraft:dirt":38,"minecraft:string":1,"minecraft:moss_carpet":3,"minecraft:iron_leggings":1,"minecraft:bone":3,"minecraft:apple":4,"minecraft:cobbled_deepslate":54,"minecraft:stone_pickaxe":2,"minecraft:jungle_sapling":2,"minecraft:bamboo":90,"minecraft:moss_block":3,"thestarvedstalker:hungering_soil":3,"minecraft:oak_planks":112,"minecraft:flowering_azalea":2,"minecraft:iron_boots":1,"minecraft:stick":17,"minecraft:raw_iron":12,"minecraft:big_dripleaf":3,"minecraft:oak_fence":1,"minecraft:torch":4,"minecraft:jungle_planks":133,"tombstone:grave_dust":3,"sophisticatedbackpacks:iron_backpack":1,"minecraft:diorite":2,"minecraft:vine":1,"minecraft:mossy_cobblestone":10,"minecraft:jungle_slab":2,"minecraft:stone_sword":2,"minecraft:arrow":4,"minecraft:stone_shovel":1,"minecraft:tropical_fish":4,"minecraft:stone_axe":3,"minecraft:iron_helmet":1,"minecraft:granite":2,"minecraft:grass":1,"minecraft:bread":2,"minecraft:oak_sapling":30,"minecraft:glow_berries":4,"minecraft:coal":57,"minecraft:white_wool":22,"minecraft:cobblestone":407},"minecraft:killed":{"minecraft:cave_spider":1,"minecraft:skeleton":3,"minecraft:zombie":3,"minecraft:panda":1,"minecraft:silverfish":1},"minecraft:broken":{"minecraft:shield":1,"minecraft:iron_helmet":1},"minecraft:crafted":{"minecraft:oak_planks":416,"minecraft:stone_shovel":1,"minecraft:cooked_porkchop":21,"minecraft:crafting_table":1,"minecraft:iron_helmet":2,"minecraft:cooked_chicken":8,"minecraft:stone_axe":3,"minecraft:cooked_mutton":32,"minecraft:jungle_planks":212,"minecraft:iron_boots":2,"minecraft:iron_chestplate":1,"minecraft:shield":2,"minecraft:stick":24,"minecraft:iron_ingot":35,"minecraft:stone_pickaxe":4,"minecraft:wooden_axe":1,"minecraft:stone_sword":2,"minecraft:iron_leggings":2,"minecraft:torch":20},"minecraft:used":{"minecraft:cooked_mutton":6,"minecraft:stone_sword":187,"minecraft:oak_planks":183,"minecraft:stone_pickaxe":305,"minecraft:stone_shovel":38,"minecraft:shield":67,"minecraft:cooked_chicken":8,"minecraft:white_wool":22,"minecraft:torch":11,"minecraft:mossy_cobblestone":180,"minecraft:dirt":36,"minecraft:crafting_table":3,"minecraft:red_bed":1,"minecraft:jungle_planks":146,"minecraft:granite":2,"minecraft:apple":5,"minecraft:stone_axe":140,"minecraft:cobblestone":263,"minecraft:cooked_porkchop":9,"minecraft:andesite":4,"tombstone:gift":2,"minecraft:cobbled_deepslate":22},"minecraft:mined":{"minecraft:tuff":1,"thestarvedstalker:hungering_soil":3,"minecraft:mossy_cobblestone":10,"minecraft:red_bed":1,"minecraft:jungle_slab":1,"minecraft:jungle_leaves":58,"minecraft:torch":1,"minecraft:crafting_table":3,"minecraft:cave_vines_plant":2,"minecraft:granite":2,"minecraft:grass_block":11,"minecraft:jungle_planks":3,"minecraft:jungle_log":60,"minecraft:cobblestone":3,"minecraft:tall_grass":3,"minecraft:moss_block":4,"minecraft:oak_planks":8,"minecraft:diorite":4,"minecraft:iron_ore":6,"minecraft:cobbled_deepslate":6,"minecraft:andesite":12,"minecraft:grass":7,"minecraft:coal_ore":22,"minecraft:oak_log":52,"minecraft:vine":7,"minecraft:gravel":2,"minecraft:dirt":6,"minecraft:bamboo_sapling":1,"minecraft:bamboo":2,"minecraft:stone":200,"minecraft:oak_leaves":2,"minecraft:deepslate":24,"minecraft:fern":3},"minecraft:dropped":{"minecraft:moss_block":4,"minecraft:moss_carpet":4,"minecraft:stone_axe":1,"minecraft:stone_sword":1,"minecraft:cobblestone":167,"minecraft:iron_boots":1,"minecraft:big_dripleaf":3,"minecraft:wooden_axe":1,"minecraft:iron_leggings":1,"minecraft:oak_sapling":30,"minecraft:jungle_sapling":2,"minecraft:bamboo":29,"minecraft:wither_rose":1,"minecraft:flowering_azalea":1,"minecraft:stone_pickaxe":2},"minecraft:custom":{"minecraft:interact_with_furnace":43,"minecraft:mob_kills":10,"minecraft:interact_with_crafting_table":20,"minecraft:leave_game":6,"minecraft:time_since_death":9895,"minecraft:sleep_in_bed":7,"minecraft:climb_one_cm":75764,"minecraft:time_since_rest":9204,"minecraft:sprint_one_cm":396625,"minecraft:damage_taken":9204,"minecraft:walk_one_cm":720706,"minecraft:damage_blocked_by_shield":2295,"minecraft:drop":19,"minecraft:damage_dealt":2911,"minecraft:player_kills":2,"minecraft:swim_one_cm":22782,"minecraft:play_time":219615,"minecraft:fly_one_cm":87219,"minecraft:crouch_one_cm":83196,"tombstone:undead_killed":6,"minecraft:open_chest":68,"minecraft:deaths":22,"minecraft:sneak_time":22557,"minecraft:walk_under_water_one_cm":14240,"minecraft:jump":2167,"minecraft:walk_on_water_one_cm":30242,"minecraft:total_world_time":219615,"minecraft:fall_one_cm":68285}},"DataVersion":3120}