{
  "minecraft:adventure/adventuring_time": {
    "criteria": {
      "minecraft:bamboo_jungle": "2024-07-01 21:58:42 +0000",
      "minecraft:badlands": "2024-07-01 21:59:19 +0000",
      "minecraft:sparse_jungle": "2024-07-01 21:59:16 +0000",
      "minecraft:lukewarm_ocean": "2024-07-01 21:59:46 +0000",
      "minecraft:river": "2024-07-01 21:58:37 +0000",
      "minecraft:stony_shore": "2024-07-01 21:58:55 +0000",
      "minecraft:desert": "2024-07-01 21:59:23 +0000",
      "minecraft:jungle": "2024-07-01 21:57:00 +0000",
      "minecraft:warm_ocean": "2024-07-01 21:59:29 +0000",
      "minecraft:plains": "2024-07-01 21:59:17 +0000"
    },
    "done": false
  },
  "DataVersion": 3120
}